patient_id,age,sex,diabetes,systolic_bp,diastolic_bp,activity_mims,n_medications,adherence_pct,pain_score
SYN-000001,71,1,1,112,58,11494,13,11.2,0.1
SYN-000002,82,2,1,222,73,6589,2,71.4,0.1
SYN-000003,64,2,1,133,76,12857,14,5.0,0.0
SYN-000004,82,1,1,136,58,10086,10,5.4,0.0
SYN-000005,79,1,1,107,66,12299,8,7.7,9.3
SYN-000006,80,2,1,170,97,15238,2,70.0,0.0
SYN-000007,80,2,1,175,82,7118,5,20.5,0.0
SYN-000008,82,2,1,152,79,10497,5,55.4,0.0
SYN-000009,81,1,1,123,73,10081,3,23.4,1.1
SYN-000010,81,2,1,110,60,10063,5,23.1,0.0
SYN-000011,59,2,1,130,101,16479,3,20.0,0.0
SYN-000012,82,1,1,147,74,8085,8,5.3,0.0
SYN-000013,81,2,1,120,72,6519,6,27.8,0.1
SYN-000014,80,1,1,134,79,7547,2,15.0,0.7
SYN-000015,68,1,1,99,73,6909,2,39.6,0.0
SYN-000016,61,2,1,154,82,8781,4,30.4,0.1
SYN-000017,82,2,1,126,68,9487,14,6.7,0.1
SYN-000018,82,2,1,135,55,10918,2,25.9,0.0
SYN-000019,81,2,1,109,63,10103,12,5.1,0.1
SYN-000020,24,1,1,140,84,12991,0,42.6,0.3
SYN-000021,81,1,1,131,63,7840,7,5.1,0.1
SYN-000022,82,1,1,161,75,5757,9,53.0,0.0
SYN-000023,78,1,1,126,67,8532,7,51.1,0.1
SYN-000024,78,2,1,146,63,5749,14,8.8,0.1
SYN-000025,73,1,1,108,50,11692,3,50.9,0.1
SYN-000026,81,1,1,136,79,8457,3,41.3,0.0
SYN-000027,82,2,1,158,73,8292,4,12.6,0.0
SYN-000028,82,2,1,115,62,8213,5,5.7,5.8
SYN-000029,78,2,1,136,80,7999,1,42.0,0.1
SYN-000030,82,1,1,105,64,12692,4,19.4,6.1
SYN-000031,65,2,1,102,68,8427,2,9.0,0.1
SYN-000032,72,1,1,129,81,5028,4,16.9,0.1
SYN-000033,82,1,1,129,51,10819,2,21.0,0.0
SYN-000034,82,1,1,177,98,5810,2,29.6,0.1
SYN-000035,82,1,1,122,80,10159,1,32.9,0.0
SYN-000036,82,1,1,136,80,6946,3,26.2,0.0
SYN-000037,82,1,1,133,87,6926,5,6.3,0.1
SYN-000038,81,2,1,120,38,13651,2,25.5,0.1
SYN-000039,82,1,1,117,79,5977,3,50.7,0.1
SYN-000040,78,1,1,116,70,9321,0,7.2,0.1
SYN-000041,78,2,1,149,81,11516,1,77.9,0.5
SYN-000042,82,1,1,146,84,11471,6,6.1,0.1
SYN-000043,82,1,1,125,55,9758,6,20.3,0.5
SYN-000044,82,1,1,109,52,4110,0,37.4,0.0
SYN-000045,70,2,1,137,66,15702,1,71.0,0.0
SYN-000046,82,2,1,110,95,5211,2,70.9,0.1
SYN-000047,82,1,1,112,47,5141,15,5.1,0.2
SYN-000048,80,1,1,103,62,13802,8,5.9,2.4
SYN-000049,82,1,1,156,78,4083,9,55.5,0.0
SYN-000050,57,2,1,93,63,10091,3,25.1,8.4
SYN-000051,82,2,1,125,49,10920,11,7.9,0.1
SYN-000052,82,1,1,119,69,5028,12,21.0,0.1
SYN-000053,81,1,1,148,72,8841,2,52.9,0.0
SYN-000054,82,2,1,120,45,5310,7,43.9,0.0
SYN-000055,76,1,1,126,80,4795,7,28.5,0.1
SYN-000056,78,2,1,126,62,8385,3,19.3,0.0
SYN-000057,79,2,1,119,66,5247,13,18.1,5.6
SYN-000058,81,2,1,137,78,12745,4,35.3,3.1
SYN-000059,81,2,1,132,74,10357,0,66.6,0.1
SYN-000060,82,1,1,152,60,13675,3,5.0,0.1
SYN-000061,82,1,1,122,57,9069,5,74.8,1.7
SYN-000062,80,2,1,119,76,9490,0,83.3,1.4
SYN-000063,55,2,1,119,88,10438,7,24.1,0.5
SYN-000064,82,1,1,113,47,13514,13,9.7,0.0
SYN-000065,70,1,1,125,70,6278,8,31.0,8.2
SYN-000066,82,1,1,193,75,9166,8,39.8,0.1
SYN-000067,81,1,1,123,75,11261,7,28.5,0.1
SYN-000068,79,2,1,157,69,6087,0,34.2,0.2
SYN-000069,81,2,1,120,59,7235,1,33.7,0.1
SYN-000070,79,1,1,131,88,10062,7,43.3,0.0
SYN-000071,67,2,1,124,57,3698,4,31.5,0.0
SYN-000072,82,1,1,107,45,8980,1,20.6,0.1
SYN-000073,82,1,1,115,82,7246,3,22.4,0.1
SYN-000074,82,1,1,134,64,6061,7,31.0,0.1
SYN-000075,81,2,1,119,79,12561,6,16.2,6.7
SYN-000076,82,1,1,134,45,6302,15,5.3,0.0
SYN-000077,71,2,1,126,58,9967,5,6.0,4.9
SYN-000078,81,1,1,132,49,6942,2,14.7,0.1
SYN-000079,82,2,1,129,69,14188,11,17.6,0.1
SYN-000080,81,2,1,104,73,5368,1,16.3,3.1
SYN-000081,82,2,1,160,80,4883,7,26.1,0.6
SYN-000082,82,2,1,127,52,12148,4,38.0,0.2
SYN-000083,70,1,1,139,78,8752,0,42.5,0.1
SYN-000084,82,1,1,128,67,8221,4,20.8,7.9
SYN-000085,82,2,1,158,81,9103,5,7.5,0.0
SYN-000086,34,1,1,93,82,20212,1,31.9,0.1
SYN-000087,82,1,1,163,85,7185,5,28.7,0.0
SYN-000088,66,2,1,141,101,12532,0,10.5,0.0
SYN-000089,64,2,1,145,89,11280,0,39.8,0.1
SYN-000090,82,2,1,136,72,8417,3,14.6,1.1
SYN-000091,82,1,1,116,66,8184,13,5.2,0.6
SYN-000092,51,1,1,104,66,9102,3,6.5,0.0
SYN-000093,82,2,1,142,70,6389,13,10.4,0.0
SYN-000094,74,1,1,108,71,8859,5,15.6,0.1
SYN-000095,82,2,1,111,62,5962,2,51.8,6.7
SYN-000096,41,1,1,126,58,11048,3,48.3,0.0
SYN-000097,76,2,1,138,53,8635,1,17.2,0.1
SYN-000098,49,2,1,190,98,9607,8,6.9,0.9
SYN-000099,80,1,1,155,56,10649,4,12.1,3.3
SYN-000100,82,1,1,164,68,7022,1,49.6,0.1
SYN-000101,80,1,1,141,84,7564,2,25.1,1.9
SYN-000102,81,2,1,143,65,1808,6,15.4,0.0
SYN-000103,69,1,1,130,73,10865,1,7.4,0.1
SYN-000104,69,2,1,114,75,15673,5,71.9,0.0
SYN-000105,81,1,1,161,64,8340,11,38.6,0.0
SYN-000106,82,2,1,157,79,6251,0,35.7,0.0
SYN-000107,35,2,1,125,85,17176,1,9.6,3.6
SYN-000108,77,2,1,127,98,11950,5,51.1,0.1
SYN-000109,82,2,1,144,64,7024,6,53.0,0.1
SYN-000110,68,2,1,128,72,9712,1,21.8,0.3
SYN-000111,78,2,1,154,70,6067,4,40.5,0.0
SYN-000112,79,1,1,141,68,8266,7,11.9,0.1
SYN-000113,82,2,1,135,55,5860,3,24.2,0.2
SYN-000114,47,2,1,107,84,7917,5,24.5,3.6
SYN-000115,30,1,1,99,73,14782,3,48.4,0.0
SYN-000116,81,2,1,141,74,8276,10,16.5,0.0
SYN-000117,81,1,1,118,68,5872,2,7.0,0.0
SYN-000118,80,2,1,124,67,17762,2,27.8,1.3
SYN-000119,78,2,1,134,81,9673,9,8.3,0.0
SYN-000120,80,2,1,127,58,11314,5,15.3,0.1
SYN-000121,77,1,1,166,70,9127,11,5.0,0.1
SYN-000122,82,1,1,137,47,7534,7,7.8,0.0
SYN-000123,82,2,1,141,87,8653,1,16.4,6.5
SYN-000124,82,2,1,136,53,6303,15,8.2,0.0
SYN-000125,75,1,1,142,72,8032,5,77.3,0.3
SYN-000126,78,2,1,129,74,11625,1,37.9,1.9
SYN-000127,69,1,1,86,61,7589,2,7.0,0.0
SYN-000128,82,2,1,108,57,5329,7,6.7,0.0
SYN-000129,82,2,1,122,78,7688,2,28.4,2.0
SYN-000130,78,1,1,119,75,6039,4,25.1,0.3
SYN-000131,82,1,1,96,67,8812,2,44.0,0.1
SYN-000132,30,1,1,112,84,8619,3,21.1,0.4
SYN-000133,81,2,1,111,60,6279,6,25.5,4.9
SYN-000134,82,1,1,149,73,3785,16,10.0,0.0
SYN-000135,82,2,1,143,72,8390,11,7.5,0.0
SYN-000136,81,1,1,108,69,10038,1,30.5,0.3
SYN-000137,82,1,1,116,83,8608,1,14.6,0.1
SYN-000138,57,1,1,121,60,9195,4,55.3,0.1
SYN-000139,81,1,1,116,69,8543,8,5.6,0.1
SYN-000140,72,2,1,120,71,10961,1,70.8,0.0
SYN-000141,78,2,1,140,60,7795,8,8.8,0.0
SYN-000142,70,1,1,102,53,10826,1,16.0,0.9
SYN-000143,82,1,1,155,82,11977,6,8.4,0.2
SYN-000144,82,1,1,131,45,16299,5,14.5,0.0
SYN-000145,82,2,1,155,56,10584,10,21.8,0.1
SYN-000146,82,1,1,143,59,6314,8,20.0,0.0
SYN-000147,73,2,1,132,65,12976,0,61.5,0.0
SYN-000148,55,2,1,141,80,8498,4,17.5,1.3
SYN-000149,80,1,1,125,52,7237,4,8.5,0.1
SYN-000150,81,2,1,130,49,4984,10,14.2,0.0
SYN-000151,76,2,1,131,60,12053,6,58.5,0.0
SYN-000152,81,1,1,103,77,11018,7,7.6,1.2
SYN-000153,82,1,1,109,83,8423,2,29.2,0.1
SYN-000154,82,1,1,167,58,5121,7,5.8,0.0
SYN-000155,82,2,1,124,66,10893,3,34.7,0.0
SYN-000156,82,1,1,129,74,1029,5,68.1,0.1
SYN-000157,82,2,1,131,80,10118,2,30.5,0.0
SYN-000158,76,1,1,129,79,9096,3,7.7,0.4
SYN-000159,70,2,1,136,74,6987,6,40.6,0.1
SYN-000160,82,2,1,141,77,9057,4,24.1,0.0
SYN-000161,81,1,1,114,56,10619,7,6.3,0.6
SYN-000162,82,1,1,130,92,3892,8,20.3,0.0
SYN-000163,82,2,1,131,64,9795,3,63.8,0.1
SYN-000164,81,1,1,158,73,9906,12,5.1,0.0
SYN-000165,78,2,1,119,72,11114,11,9.5,6.3
SYN-000166,65,2,1,107,53,11323,6,44.3,0.1
SYN-000167,82,1,1,102,67,8601,6,15.7,0.7
SYN-000168,82,1,1,126,87,13207,1,46.5,0.1
SYN-000169,81,1,1,165,69,8336,4,11.6,0.0
SYN-000170,82,1,1,123,59,3733,10,5.1,0.0
SYN-000171,82,2,1,108,70,13009,2,54.6,9.5
SYN-000172,81,2,1,118,65,11020,4,76.0,0.1
SYN-000173,82,1,1,136,78,7708,8,10.6,0.1
SYN-000174,64,1,1,138,61,11133,1,27.7,0.1
SYN-000175,78,2,1,128,66,12238,7,29.8,0.2
SYN-000176,74,2,1,94,52,4270,7,6.4,0.1
SYN-000177,56,2,1,112,75,10233,2,56.2,0.0
SYN-000178,81,1,1,141,67,10643,3,15.0,0.3
SYN-000179,76,2,1,135,82,7907,1,74.8,0.0
SYN-000180,79,2,1,134,54,17795,3,15.3,0.0
SYN-000181,80,2,1,133,74,5709,2,16.6,0.1
SYN-000182,80,2,1,125,57,8970,5,5.8,0.3
SYN-000183,74,1,1,119,62,8070,1,28.5,0.0
SYN-000184,82,2,1,121,64,6512,9,21.1,0.1
SYN-000185,66,2,1,133,78,13729,8,6.2,0.1
SYN-000186,64,1,1,130,95,8109,3,17.5,0.0
SYN-000187,26,1,1,112,88,12337,0,52.1,0.0
SYN-000188,82,1,1,186,85,14399,8,8.0,0.1
SYN-000189,73,1,1,132,77,7485,11,6.1,1.2
SYN-000190,75,1,1,151,92,10648,6,8.7,0.1
SYN-000191,66,1,1,128,102,14166,1,20.6,0.0
SYN-000192,74,2,1,146,59,9758,2,36.0,0.0
SYN-000193,82,2,1,152,87,8268,3,46.7,0.0
SYN-000194,82,1,1,156,67,8502,2,20.0,0.0
SYN-000195,81,2,1,151,79,10374,4,19.9,0.0
SYN-000196,57,2,1,139,65,10052,6,40.8,0.1
SYN-000197,82,1,1,132,64,7807,6,7.9,5.9
SYN-000198,82,2,1,147,58,7080,4,9.6,0.0
SYN-000199,82,1,1,159,63,7043,7,26.1,0.0
SYN-000200,82,1,1,166,65,13815,2,32.4,0.0
SYN-000201,82,1,1,173,62,7973,14,6.9,0.2
SYN-000202,82,1,1,105,56,3265,12,5.4,0.1
SYN-000203,82,1,1,95,56,8421,1,12.9,0.1
SYN-000204,81,2,1,156,88,9212,7,30.4,0.0
SYN-000205,76,2,1,102,67,13918,1,22.3,1.6
SYN-000206,77,1,1,116,54,7962,8,10.8,4.7
SYN-000207,82,1,1,122,77,9958,4,8.1,0.1
SYN-000208,82,2,1,94,80,9912,16,5.9,0.2
SYN-000209,82,1,1,123,75,8466,7,82.7,5.5
SYN-000210,78,1,1,135,78,12548,6,6.4,1.1
SYN-000211,81,1,1,120,70,5734,7,8.9,0.1
SYN-000212,82,1,1,92,49,4198,5,5.8,0.1
SYN-000213,82,1,1,147,58,6270,10,11.0,0.1
SYN-000214,74,2,1,117,51,12860,6,53.8,0.0
SYN-000215,73,1,1,106,70,8292,1,63.0,0.1
SYN-000216,82,1,1,165,79,9632,0,26.3,0.0
SYN-000217,82,1,1,117,83,8232,3,56.4,0.1
SYN-000218,82,2,1,180,92,8475,11,9.0,0.0
SYN-000219,81,2,1,154,78,9332,9,5.9,0.4
SYN-000220,36,1,1,134,53,9885,10,16.1,9.2
SYN-000221,81,2,1,119,78,10377,0,10.9,1.7
SYN-000222,80,1,1,164,85,7697,2,49.5,0.1
SYN-000223,82,1,1,111,64,7601,3,67.1,0.1
SYN-000224,81,1,1,150,79,6649,9,42.3,0.0
SYN-000225,82,1,1,152,69,6334,11,12.3,0.0
SYN-000226,82,1,1,127,49,7954,3,16.1,0.1
SYN-000227,72,1,1,117,63,10661,6,25.5,0.0
SYN-000228,80,1,1,115,95,11578,3,30.2,1.9
SYN-000229,81,1,1,128,62,10241,4,14.6,0.0
SYN-000230,71,2,1,101,59,6275,3,16.5,5.8
SYN-000231,75,2,1,98,49,7887,4,13.7,1.4
SYN-000232,81,2,1,111,74,12188,3,37.6,0.1
SYN-000233,80,2,1,117,59,5938,9,6.6,0.1
SYN-000234,82,1,1,130,62,6801,5,17.8,0.0
SYN-000235,69,2,1,159,78,10881,7,11.2,0.0
SYN-000236,82,2,1,145,50,13510,7,5.1,0.2
SYN-000237,82,1,1,128,62,7840,9,9.0,0.6
SYN-000238,79,2,1,133,64,9124,3,71.2,0.1
SYN-000239,82,1,1,131,66,7132,7,13.9,0.1
SYN-000240,82,2,1,118,69,11394,11,19.2,0.1
SYN-000241,81,1,1,148,60,5235,4,29.1,0.0
SYN-000242,82,2,1,127,82,6605,9,10.7,0.0
SYN-000243,80,1,1,115,59,7482,5,22.5,0.0
SYN-000244,77,2,1,144,76,10969,1,14.8,0.1
SYN-000245,82,1,1,156,68,6171,9,23.4,0.0
SYN-000246,61,2,1,88,78,12330,1,14.2,0.0
SYN-000247,48,2,1,127,87,9606,5,33.5,0.1
SYN-000248,75,1,1,114,71,10759,6,10.6,0.0
SYN-000249,81,2,1,111,58,6188,2,30.9,0.0
SYN-000250,66,1,1,137,91,8575,4,7.8,0.0
SYN-000251,82,2,1,170,81,11042,8,44.5,0.1
SYN-000252,81,1,1,123,69,12517,5,18.4,0.1
SYN-000253,58,2,1,132,76,7456,0,47.8,0.0
SYN-000254,81,2,1,116,86,11301,4,22.7,0.1
SYN-000255,80,1,1,134,66,16123,3,27.9,9.2
SYN-000256,82,2,1,112,61,6831,9,7.3,0.1
SYN-000257,82,2,1,187,64,6128,9,24.4,0.1
SYN-000258,82,1,1,118,66,8740,10,10.4,0.1
SYN-000259,82,1,1,145,79,9860,1,37.9,0.1
SYN-000260,82,2,1,141,63,6469,6,49.9,9.6
SYN-000261,82,2,1,145,79,6246,3,19.0,0.0
SYN-000262,82,1,1,105,49,10786,1,6.1,0.0
SYN-000263,82,1,1,184,92,9179,1,60.8,6.4
SYN-000264,81,2,1,149,69,4184,5,5.2,0.0
SYN-000265,82,1,1,145,76,9802,1,32.5,0.0
SYN-000266,81,2,1,105,58,12072,6,17.1,0.2
SYN-000267,80,1,1,149,84,7528,3,13.6,0.1
SYN-000268,61,2,1,159,93,14885,4,14.0,0.0
SYN-000269,74,2,1,143,93,9636,2,12.0,0.1
SYN-000270,38,1,1,126,78,8025,3,10.8,0.1
SYN-000271,82,1,1,114,58,9245,7,10.3,0.0
SYN-000272,78,2,1,126,67,13486,1,59.1,0.0
SYN-000273,82,2,1,129,66,7440,2,8.9,0.0
SYN-000274,38,2,1,126,90,12276,1,12.2,1.0
SYN-000275,82,1,1,119,78,4871,8,7.5,0.5
SYN-000276,82,1,1,149,60,7716,3,18.5,0.1
SYN-000277,82,1,1,131,89,9615,6,14.4,0.0
SYN-000278,82,2,1,130,76,6586,11,5.4,0.2
SYN-000279,36,2,1,134,87,16277,7,16.2,0.0
SYN-000280,82,1,1,147,66,7746,5,7.9,0.0
SYN-000281,82,2,1,138,44,9624,0,37.0,0.0
SYN-000282,76,2,1,97,69,9389,2,21.4,0.1
SYN-000283,42,1,1,153,92,8659,0,42.0,0.0
SYN-000284,82,2,1,110,61,5349,12,6.2,0.2
SYN-000285,79,1,1,128,62,11280,1,25.2,0.1
SYN-000286,82,1,1,155,59,6075,8,7.9,0.0
SYN-000287,82,1,1,126,81,6281,7,71.3,0.0
SYN-000288,78,1,1,136,64,11281,1,48.7,0.3
SYN-000289,65,1,1,101,63,11603,4,7.5,0.1
SYN-000290,78,1,1,177,81,10986,5,77.4,0.1
SYN-000291,82,2,1,137,78,5948,6,27.4,0.1
SYN-000292,74,2,1,109,72,9633,14,6.8,0.1
SYN-000293,82,2,1,110,35,10294,5,6.6,0.0
SYN-000294,82,2,1,117,71,10315,8,7.9,0.1
SYN-000295,80,1,1,109,56,4117,3,6.1,0.1
SYN-000296,82,2,1,137,52,8619,3,51.7,9.0
SYN-000297,19,1,1,117,69,11588,2,59.6,0.0
SYN-000298,80,1,1,127,69,8144,6,29.3,0.2
SYN-000299,53,1,1,134,56,9944,2,26.5,0.0
SYN-000300,81,2,1,142,59,12526,1,51.0,0.1
SYN-000301,82,1,1,113,68,2613,10,6.3,0.0
SYN-000302,78,1,1,150,71,6423,7,12.1,0.7
SYN-000303,82,1,1,187,80,10502,1,43.8,9.4
SYN-000304,80,1,1,131,66,5011,11,5.0,0.3
SYN-000305,82,1,1,113,47,9816,2,31.3,0.1
SYN-000306,75,1,1,114,74,2431,9,21.4,0.0
SYN-000307,79,2,1,127,60,6727,6,12.0,3.8
SYN-000308,78,2,1,117,62,9244,13,5.0,5.4
SYN-000309,80,1,1,114,80,6237,8,14.2,0.0
SYN-000310,82,2,1,125,78,9122,5,22.4,4.7
SYN-000311,82,1,1,145,42,8466,8,11.3,0.3
SYN-000312,16,1,1,134,81,11703,3,23.1,0.1
SYN-000313,69,2,1,112,70,8991,0,33.4,0.1
SYN-000314,68,1,1,96,75,10357,1,25.8,0.0
SYN-000315,78,2,1,126,81,14003,5,7.3,0.1
SYN-000316,74,1,1,114,55,6288,7,26.0,5.3
SYN-000317,62,1,1,115,67,13111,2,38.5,5.7
SYN-000318,82,1,1,174,68,2250,3,51.8,0.0
SYN-000319,82,1,1,159,58,6064,2,72.3,0.0
SYN-000320,79,1,1,121,67,13960,3,10.0,4.8
SYN-000321,80,2,1,106,55,12591,7,59.6,0.1
SYN-000322,78,2,1,122,75,8149,6,25.3,0.1
SYN-000323,82,1,1,155,102,5480,3,50.5,0.1
SYN-000324,61,1,1,144,67,9399,13,5.1,0.1
SYN-000325,79,1,1,130,92,7981,6,61.5,0.0
SYN-000326,82,1,1,119,71,12778,7,11.4,0.0
SYN-000327,70,2,1,134,82,8528,6,19.2,8.2
SYN-000328,78,2,1,121,63,13303,4,13.5,0.1
SYN-000329,82,2,1,138,54,5976,2,46.6,0.1
SYN-000330,82,1,1,164,67,6333,4,5.8,0.0
SYN-000331,82,1,1,142,82,7480,2,56.7,0.1
SYN-000332,78,1,1,120,60,7108,7,8.6,1.8
SYN-000333,79,1,1,148,87,7554,1,22.3,1.5
SYN-000334,75,1,1,99,64,9675,6,10.5,0.1
SYN-000335,65,1,1,129,70,9050,5,14.3,0.5
SYN-000336,82,1,1,154,55,4644,11,15.1,0.0
SYN-000337,82,1,1,151,68,4463,5,36.8,4.1
SYN-000338,16,1,1,97,80,12073,0,38.2,0.1
SYN-000339,81,1,1,115,80,13143,2,62.8,0.0
SYN-000340,76,1,1,120,66,13390,1,24.0,0.1
SYN-000341,82,1,1,125,80,7093,7,5.5,0.1
SYN-000342,70,1,1,125,80,8756,2,61.0,0.1
SYN-000343,74,1,1,133,56,11194,1,36.6,0.1
SYN-000344,82,1,1,133,71,9578,2,16.5,0.4
SYN-000345,82,2,1,147,67,5823,6,27.4,0.4
SYN-000346,81,1,1,116,50,7129,5,39.4,6.7
SYN-000347,80,1,1,113,65,10795,7,5.7,0.1
SYN-000348,75,2,1,116,91,10741,0,26.6,7.9
SYN-000349,81,1,1,143,62,6410,8,7.3,5.8
SYN-000350,76,2,1,137,71,12174,9,6.4,0.1
SYN-000351,61,2,1,134,58,7327,1,68.9,0.1
SYN-000352,82,1,1,134,76,6500,5,23.2,4.1
SYN-000353,82,1,1,161,59,9887,7,6.9,0.0
SYN-000354,82,1,1,137,66,7903,1,31.3,0.1
SYN-000355,41,1,1,127,84,6191,2,74.4,0.1
SYN-000356,82,1,1,126,69,12397,1,52.6,1.2
SYN-000357,75,1,1,131,41,15287,9,37.5,0.0
SYN-000358,79,2,1,111,43,13056,5,12.0,2.6
SYN-000359,80,2,1,146,68,8980,8,6.4,5.7
SYN-000360,81,2,1,128,60,14250,11,17.2,0.0
SYN-000361,82,2,1,146,66,6945,7,44.5,0.2
SYN-000362,82,2,1,142,55,14303,6,19.9,0.0
SYN-000363,81,1,1,140,60,8762,6,20.2,3.1
SYN-000364,82,1,1,122,64,7000,13,5.4,0.7
SYN-000365,82,2,1,115,63,7857,6,17.1,0.0
SYN-000366,78,1,1,141,71,12930,0,9.9,0.4
SYN-000367,82,2,1,132,66,6085,5,7.0,0.0
SYN-000368,80,1,1,114,44,8312,7,15.2,2.5
SYN-000369,81,1,1,134,89,7761,14,7.3,1.1
SYN-000370,82,1,1,130,49,6012,8,5.8,0.0
SYN-000371,59,1,1,114,55,10581,5,33.4,0.0
SYN-000372,82,1,1,118,51,6234,5,17.2,0.0
SYN-000373,81,1,1,111,54,7810,2,35.0,0.1
SYN-000374,82,2,1,144,85,7864,1,29.4,0.1
SYN-000375,82,1,1,130,69,7115,10,7.1,0.1
SYN-000376,70,2,1,126,58,10976,6,34.3,0.1
SYN-000377,82,1,1,135,88,5745,7,5.0,0.0
SYN-000378,81,1,1,117,78,10387,4,34.7,1.7
SYN-000379,82,1,1,179,60,10350,12,11.3,0.0
SYN-000380,82,1,1,116,64,6001,1,55.9,0.1
SYN-000381,82,2,1,139,72,6799,7,57.1,0.3
SYN-000382,82,2,1,175,71,7716,7,11.6,0.0
SYN-000383,82,2,1,149,65,5268,9,5.0,0.0
SYN-000384,81,1,1,126,68,5435,7,8.8,0.0
SYN-000385,82,1,1,103,55,14287,5,23.6,0.0
SYN-000386,82,1,1,165,57,11906,9,12.9,0.0
SYN-000387,82,1,1,133,51,8505,2,10.7,0.0
SYN-000388,31,1,1,105,73,11189,2,19.6,0.1
SYN-000389,70,1,1,137,69,6715,11,18.1,0.1
SYN-000390,80,1,1,155,70,10724,5,6.6,0.0
SYN-000391,82,1,1,172,88,9451,6,15.1,0.0
SYN-000392,81,1,1,132,69,8230,7,11.0,0.1
SYN-000393,81,2,1,108,45,7138,10,13.0,1.1
SYN-000394,82,2,1,110,67,5290,6,13.5,0.0
SYN-000395,79,2,1,127,45,10502,8,6.5,0.1
SYN-000396,82,2,1,125,75,7417,3,23.1,0.0
SYN-000397,31,2,1,95,80,11630,3,24.2,0.0
SYN-000398,79,1,1,111,71,9529,2,28.0,3.0
SYN-000399,82,1,1,149,60,3840,7,11.8,0.0
SYN-000400,82,2,1,96,61,16111,9,7.5,0.0
SYN-000401,71,1,1,117,62,19090,9,26.6,0.0
SYN-000402,82,2,1,176,76,3868,1,28.1,0.1
SYN-000403,64,2,1,129,68,15332,5,20.6,0.2
SYN-000404,82,1,1,168,79,4742,10,16.0,0.8
SYN-000405,82,1,1,137,71,5833,10,6.6,1.9
SYN-000406,75,2,1,109,60,7907,5,5.7,0.0
SYN-000407,73,2,1,120,52,4189,9,13.0,1.9
SYN-000408,82,2,1,134,78,10571,3,26.9,3.8
SYN-000409,69,2,1,128,64,11946,5,63.9,0.0
SYN-000410,82,1,1,142,59,3691,8,13.8,0.1
SYN-000411,69,2,1,124,68,13217,5,27.7,0.1
SYN-000412,82,1,1,132,72,7745,8,5.1,0.0
SYN-000413,82,1,1,156,73,4718,5,46.1,0.1
SYN-000414,76,2,1,112,70,6443,4,19.7,0.1
SYN-000415,24,1,1,104,71,13663,1,38.1,0.0
SYN-000416,81,1,1,110,41,4645,1,19.3,0.2
SYN-000417,80,2,1,130,66,6732,11,10.6,0.1
SYN-000418,82,2,1,163,73,6573,4,18.1,0.0
SYN-000419,68,2,1,131,74,9486,5,10.4,0.1
SYN-000420,82,2,1,134,69,8251,2,43.5,0.1
SYN-000421,80,1,1,114,68,7055,4,24.5,0.0
SYN-000422,73,1,1,160,80,13017,5,69.0,0.1
SYN-000423,80,1,1,163,77,4464,4,28.5,0.0
SYN-000424,82,1,1,113,48,4727,7,11.5,0.1
SYN-000425,80,2,1,143,64,13102,4,53.4,0.0
SYN-000426,82,1,1,131,33,7026,8,6.0,0.0
SYN-000427,80,1,1,135,77,5538,4,53.0,6.4
SYN-000428,80,1,1,117,74,13830,2,27.2,0.0
SYN-000429,78,2,1,91,52,8242,1,17.5,0.1
SYN-000430,79,1,1,140,77,15036,2,24.1,0.0
SYN-000431,78,1,1,116,61,10353,6,14.6,0.1
SYN-000432,75,1,1,92,63,10603,6,42.6,9.1
SYN-000433,48,2,1,117,62,13852,2,16.0,0.0
SYN-000434,82,1,1,145,67,6286,15,24.9,0.0
SYN-000435,77,1,1,159,83,7494,1,31.0,0.1
SYN-000436,56,2,1,111,60,8079,4,23.5,0.2
SYN-000437,49,1,1,145,83,14462,8,25.4,8.9
SYN-000438,81,1,1,133,75,8461,6,26.2,0.0
SYN-000439,82,1,1,136,84,6345,2,67.6,0.1
SYN-000440,80,2,1,144,59,8423,5,10.2,3.2
SYN-000441,82,1,1,109,71,5281,7,30.0,9.4
SYN-000442,79,1,1,113,75,5950,13,5.4,0.0
SYN-000443,74,2,1,117,62,12177,1,67.3,0.1
SYN-000444,67,2,1,138,74,6992,7,37.0,0.1
SYN-000445,82,2,1,127,59,10139,5,18.5,1.8
SYN-000446,78,2,1,143,79,5861,2,32.6,0.0
SYN-000447,80,2,1,133,52,9414,7,6.0,0.1
SYN-000448,72,1,1,130,47,4462,3,39.4,7.5
SYN-000449,67,1,1,132,71,10002,2,44.8,0.1
SYN-000450,82,1,1,139,68,10071,5,20.6,0.0
SYN-000451,73,1,1,148,87,7769,3,50.8,7.0
SYN-000452,54,1,1,128,66,12074,2,46.7,0.1
SYN-000453,80,1,1,124,75,10778,2,14.0,0.1
SYN-000454,81,1,1,133,72,15341,3,9.4,0.0
SYN-000455,64,1,1,115,55,14847,5,6.3,3.0
SYN-000456,82,2,1,116,68,12231,3,34.6,2.2
SYN-000457,82,2,1,150,55,7240,9,19.8,0.1
SYN-000458,46,1,1,90,59,8070,2,20.5,0.0
SYN-000459,76,2,1,109,48,9000,7,10.5,0.1
SYN-000460,73,1,1,133,66,14143,4,51.5,0.0
SYN-000461,82,1,1,131,80,11260,5,26.5,0.1
SYN-000462,78,1,1,125,67,7508,9,35.0,0.6
SYN-000463,82,2,1,133,52,13161,3,29.3,0.1
SYN-000464,77,1,1,145,69,9649,2,85.4,6.4
SYN-000465,80,1,1,141,68,4507,16,6.0,0.1
SYN-000466,81,2,1,153,60,4417,4,51.6,0.9
SYN-000467,82,1,1,148,77,10451,3,30.3,0.1
SYN-000468,82,1,1,137,65,3803,11,5.0,6.3
SYN-000469,79,1,1,127,72,7073,9,19.2,4.4
SYN-000470,82,1,1,110,75,14418,1,25.8,0.1
SYN-000471,82,1,1,125,48,8640,4,40.3,0.5
SYN-000472,81,1,1,124,65,10700,2,10.9,0.0
SYN-000473,66,1,1,114,59,12368,12,5.0,3.2
SYN-000474,82,1,1,126,69,9325,6,36.0,0.0
SYN-000475,82,2,1,118,48,8944,6,18.6,0.0
SYN-000476,81,2,1,123,65,8714,7,27.8,0.0
SYN-000477,82,1,1,131,55,9127,5,38.1,0.4
SYN-000478,81,1,1,111,62,8102,9,5.1,0.1
SYN-000479,82,1,1,164,73,5105,8,11.5,0.0
SYN-000480,76,2,1,147,53,10572,8,12.6,0.0
SYN-000481,82,1,1,125,51,8230,7,11.2,0.0
SYN-000482,79,2,1,115,90,11870,8,21.1,0.1
SYN-000483,82,1,1,138,68,6645,7,19.4,0.0
SYN-000484,80,2,1,146,30,7145,10,14.8,8.3
SYN-000485,81,1,1,163,89,8241,7,46.0,0.0
SYN-000486,68,2,1,126,65,9318,0,9.3,0.0
SYN-000487,79,1,1,110,54,6371,3,19.3,0.1
SYN-000488,81,2,1,142,82,8048,3,6.6,0.4
SYN-000489,69,2,1,119,85,9514,4,26.1,0.0
SYN-000490,72,1,1,123,82,11488,6,5.9,0.1
SYN-000491,80,2,1,106,70,4670,12,13.0,0.1
SYN-000492,24,2,1,108,63,7668,3,20.2,0.0
SYN-000493,81,1,1,137,85,4520,1,73.1,0.1
SYN-000494,82,2,1,124,58,10554,5,6.1,1.0
SYN-000495,82,2,1,119,45,5846,7,10.3,0.9
SYN-000496,73,1,1,160,73,12633,5,8.8,7.4
SYN-000497,70,2,1,133,60,12797,4,15.3,0.1
SYN-000498,26,2,1,95,65,8744,4,53.9,0.0
SYN-000499,72,2,1,128,91,6642,1,74.5,0.0
SYN-000500,81,2,1,135,56,7940,6,18.0,0.0
