age,sex,diabetes,systolic_bp,diastolic_bp,activity_mims,n_medications,adherence_pct,pain_score
18,2,1,107,46,6253,5,45.9,0.0
18,1,1,91,55,13787,0,20.7,0.0
46,1,1,113,45,16172,3,54.4,0.0
75,2,1,126,87,8050,1,58.0,0.2
51,2,1,154,71,8231,4,37.3,1.2
61,1,1,108,63,8041,7,45.3,0.0
49,1,1,121,64,10632,1,24.6,0.7
70,1,1,124,45,8796,5,16.6,0.4
71,1,1,169,82,6471,12,45.0,0.0
31,1,1,133,54,8510,2,47.5,2.7
80,2,1,157,71,2412,5,57.2,0.1
71,1,1,129,69,9730,2,30.5,3.0
58,1,1,136,63,8907,4,37.5,0.1
25,1,1,103,75,9918,0,30.4,0.2
22,2,1,106,58,9400,8,22.8,1.7
77,1,1,177,88,7781,0,34.4,0.2
42,1,1,102,66,4810,3,26.2,2.1
37,2,1,129,63,5302,4,47.8,0.1
77,1,1,124,77,5214,2,17.5,1.3
70,2,1,133,88,9847,7,33.7,5.0
19,1,1,106,45,18873,0,43.2,0.0
20,1,1,125,64,8420,0,5.0,0.9
35,2,1,119,68,17071,0,62.0,0.1
57,2,1,105,80,10079,1,49.6,0.1
39,2,1,138,74,8584,1,39.2,0.7
46,2,1,139,77,9921,1,54.5,2.0
44,1,1,133,51,18644,6,30.1,1.0
18,1,1,88,51,25550,0,21.2,1.0
19,1,1,113,52,6679,0,16.5,0.0
48,1,1,113,54,7227,1,39.1,4.8
29,1,1,119,55,5932,0,74.7,2.7
18,2,1,99,55,14213,0,40.3,0.2
42,2,1,124,71,11340,0,26.2,1.5
24,1,1,140,74,11133,0,35.9,0.9
46,1,1,107,67,13491,0,53.7,0.6
18,2,1,102,72,10889,0,16.5,0.1
32,2,1,96,45,15236,0,17.9,0.0
54,1,1,137,61,5872,0,58.1,0.9
20,1,1,118,45,10165,1,5.0,0.1
31,2,1,106,65,7395,1,21.3,0.0
64,2,1,124,45,10124,2,26.9,0.5
33,2,1,100,55,9421,1,15.0,0.1
43,1,1,102,51,15852,0,29.8,0.7
69,1,1,124,70,12928,5,10.1,1.4
66,2,1,133,55,9090,0,19.6,1.0
49,2,1,100,67,8139,0,54.9,0.0
27,1,1,107,49,15270,1,32.3,0.0
51,1,1,116,80,11385,3,63.8,0.9
46,1,1,145,66,6830,1,30.3,6.7
18,2,1,126,65,9366,1,34.3,0.0
33,1,1,100,66,12483,4,70.4,0.1
18,1,1,138,58,9417,0,5.0,4.2
49,1,1,113,65,10476,0,65.4,1.4
47,2,1,155,73,8725,1,8.4,4.4
45,1,1,141,63,8443,0,36.0,0.2
22,2,1,99,67,12568,1,43.3,0.1
28,1,1,117,63,8412,0,41.7,0.4
18,1,1,113,56,20903,0,10.9,0.0
24,1,1,110,50,13432,0,45.2,0.0
59,2,1,153,76,7505,3,17.2,1.4
56,2,1,119,75,12121,4,37.6,2.3
44,2,1,103,51,17285,0,38.1,0.1
43,2,1,108,45,6595,0,54.1,0.4
66,1,1,132,91,11769,0,73.5,2.1
72,1,1,145,64,5886,4,63.5,0.0
37,2,1,97,62,11177,0,44.7,0.1
57,2,1,119,66,8711,0,38.2,0.0
42,1,1,115,53,4954,5,26.9,0.2
18,2,1,112,77,6466,1,23.3,0.1
30,2,1,115,77,13022,0,48.3,0.0
67,2,1,112,76,15457,0,48.8,0.0
38,2,1,127,70,13255,3,52.2,0.8
45,1,1,93,77,6101,0,57.9,0.0
18,2,1,127,45,15501,2,11.6,0.2
18,2,1,98,45,15962,2,29.3,3.0
73,2,1,167,74,9623,7,24.8,0.1
18,1,1,101,45,8710,3,27.4,1.0
39,1,1,110,76,11234,3,27.0,0.0
55,1,1,114,59,1781,1,23.2,0.1
24,2,1,115,78,7629,0,18.3,0.0
32,2,1,114,74,13342,0,50.6,0.0
21,1,1,120,53,10451,0,13.9,3.3
18,2,1,114,70,12640,0,23.7,2.9
18,2,1,98,64,9702,0,23.1,0.3
80,2,1,159,88,10166,0,63.6,1.8
18,1,1,100,53,19405,0,6.4,0.1
18,1,1,94,50,15577,0,35.1,0.1
36,1,1,119,58,8665,0,65.7,0.1
49,2,1,107,75,7501,0,31.2,0.1
29,2,1,149,94,7376,9,32.7,0.6
49,1,1,131,79,6225,0,66.4,0.6
69,2,1,176,79,12945,0,42.8,0.2
33,1,1,117,68,10229,0,38.2,0.6
78,1,1,159,97,3910,1,40.5,1.7
18,2,1,105,60,15676,0,37.1,0.7
28,1,1,99,53,9925,4,26.1,0.2
76,1,1,137,53,7057,6,31.7,0.0
57,1,1,140,69,12030,3,39.1,0.4
35,1,1,118,57,6368,0,42.6,0.0
50,2,1,114,69,6716,1,51.7,1.6
64,1,1,114,67,9183,0,54.0,0.0
63,2,1,122,55,3540,8,66.3,3.8
29,2,1,113,64,4564,1,46.2,1.9
49,2,1,121,65,4882,0,44.3,0.5
73,2,1,99,78,10335,0,58.3,0.0
40,1,1,114,72,21875,0,70.2,0.0
25,2,1,123,76,8319,1,9.4,0.0
64,1,1,106,66,7514,4,55.1,0.3
65,2,1,171,96,9079,0,62.8,0.0
26,1,1,109,45,10362,0,47.7,0.0
55,1,1,166,86,5389,6,52.6,2.3
46,2,1,103,60,19682,0,48.5,0.0
75,1,1,129,95,9029,1,37.8,0.6
69,2,1,173,64,10357,0,59.3,0.2
38,2,1,112,72,7244,2,28.1,0.1
38,1,1,130,92,7255,1,35.9,2.8
33,2,1,145,53,13410,3,34.4,0.2
20,2,1,102,55,11940,1,17.4,0.3
18,1,1,105,69,20538,0,66.0,0.0
18,1,1,116,68,13430,5,16.4,0.1
68,1,1,97,74,10548,8,50.7,3.3
45,1,1,104,55,12511,2,46.4,0.7
67,1,1,129,92,20010,0,20.2,0.3
18,2,1,104,62,10733,1,19.3,0.5
68,1,1,135,85,10220,0,79.1,1.7
18,2,1,114,50,7387,0,23.4,0.0
18,1,1,111,56,13984,0,29.8,4.9
80,1,1,163,90,5005,5,65.4,0.3
29,1,1,91,48,10219,0,18.7,0.0
37,1,1,124,73,6817,0,38.0,3.2
77,2,1,130,84,4469,1,39.1,0.0
26,2,1,96,45,11505,0,31.6,2.3
23,2,1,136,55,14099,0,15.8,0.0
40,2,1,115,56,9359,0,22.4,0.4
25,1,1,108,73,14495,0,28.7,0.1
51,2,1,106,65,6487,0,21.6,4.6
63,2,1,146,87,5004,1,38.6,5.6
22,1,1,101,64,12417,0,16.0,0.5
18,2,1,87,45,11541,0,52.3,2.4
76,2,1,164,98,17083,3,64.1,0.7
36,2,1,120,76,9588,1,31.6,0.0
19,2,1,114,74,14569,1,8.7,0.0
72,2,1,133,88,3139,1,51.2,3.7
53,2,1,137,53,4593,2,23.1,0.2
73,1,1,136,77,10586,0,57.3,1.7
24,2,1,118,75,15364,0,46.4,6.8
45,1,1,138,72,12752,3,23.7,1.0
35,1,1,116,68,13023,0,28.7,0.8
18,1,1,130,66,19891,0,46.3,0.7
26,1,1,106,69,8364,0,25.9,0.0
59,1,1,118,73,13055,4,44.4,0.0
57,2,1,116,69,11412,0,53.2,0.2
49,2,1,109,51,8537,0,14.5,0.1
69,2,1,143,80,6746,2,44.8,0.0
50,2,1,127,50,7809,0,44.7,2.1
60,1,1,165,80,12177,10,40.1,0.0
60,1,1,150,64,6321,0,33.7,0.0
66,1,1,132,101,9266,0,62.8,0.8
60,2,1,111,55,10999,0,34.0,0.3
40,2,1,89,50,15880,0,47.2,1.0
18,2,1,94,55,18166,0,36.1,0.0
46,1,1,113,45,16861,0,25.5,0.8
19,2,1,117,56,14114,0,14.9,2.5
19,1,1,134,68,7356,3,37.7,1.9
18,2,1,110,91,11413,5,63.3,1.7
36,1,1,103,66,11962,2,17.5,0.2
42,2,1,141,53,10469,1,47.9,4.4
74,2,1,127,52,8780,0,59.4,2.2
18,2,1,99,52,13488,0,25.5,0.5
28,2,1,95,51,13290,0,34.5,0.2
64,1,1,105,47,6308,1,32.7,0.1
48,1,1,163,78,15429,0,56.9,0.0
35,1,1,118,60,13119,1,35.9,0.1
55,2,1,122,54,15245,1,27.2,0.4
23,2,1,112,53,17055,4,25.0,0.0
51,2,1,135,63,8183,8,7.3,0.7
31,1,1,110,64,10278,0,49.1,0.6
29,1,1,114,45,8061,0,15.0,1.5
18,1,1,84,45,20139,0,35.6,0.7
18,2,1,101,68,5934,0,22.8,0.6
75,1,1,146,88,11933,2,79.3,0.0
72,2,1,118,98,4488,1,72.8,4.3
45,2,1,140,85,6862,0,38.1,0.2
23,2,1,130,80,15871,0,33.3,1.7
78,2,1,140,50,3019,0,32.7,0.1
53,2,1,119,63,6125,0,76.5,0.2
18,2,1,132,84,11862,0,41.9,5.1
76,2,1,145,80,12182,2,41.7,0.0
39,1,1,136,74,7603,0,45.8,5.3
73,2,1,157,86,14890,5,32.9,0.0
63,1,1,131,60,9779,0,51.1,0.0
62,2,1,95,55,4499,0,15.6,2.1
18,2,1,98,52,9243,0,26.9,0.0
66,1,1,102,85,3718,0,64.2,2.3
69,2,1,140,76,9822,0,63.0,0.0
65,2,1,129,58,10296,1,24.7,0.0
34,1,1,111,73,16154,0,43.8,1.3
50,1,1,141,66,16329,0,18.8,0.1
78,1,1,140,92,6646,0,31.6,0.0
59,1,1,119,87,12011,0,20.6,0.0
40,2,1,118,63,10256,3,23.9,0.3
49,2,1,121,68,13585,8,47.2,0.0
68,2,1,143,57,1735,2,51.2,1.8
70,2,1,149,93,10054,1,47.9,0.6
37,2,1,104,45,13152,0,48.2,0.0
39,1,1,108,76,7966,0,44.2,0.5
55,2,1,141,84,10112,1,53.8,0.0
54,1,1,92,61,13616,0,31.9,0.7
18,2,1,105,49,9665,0,24.8,7.6
31,1,1,108,53,15363,2,70.6,0.1
62,1,1,122,57,8609,0,64.5,0.2
40,2,1,115,73,14372,0,28.2,0.0
26,1,1,107,50,11670,1,13.7,7.8
20,1,1,91,65,7114,0,29.8,0.0
54,2,1,109,81,6516,1,48.7,2.3
58,2,1,134,67,8492,5,37.6,1.4
50,2,1,113,49,10421,3,33.1,0.1
57,1,1,138,69,7544,2,47.1,0.3
78,1,1,125,68,6430,1,32.8,1.8
18,2,1,111,69,12376,0,20.8,2.7
23,2,1,147,81,18956,0,41.6,0.3
78,1,1,154,82,7894,0,37.6,0.2
18,1,1,124,45,7488,2,24.8,0.4
18,2,1,98,45,10350,0,26.7,4.7
18,1,1,125,64,8307,1,51.0,0.0
18,1,1,127,96,24206,0,72.2,0.0
70,1,1,124,75,7622,0,56.8,0.5
30,2,1,115,72,3574,0,33.3,0.0
77,2,1,157,66,17293,4,17.5,0.6
58,2,1,129,57,14630,0,65.6,2.1
22,2,1,115,59,19198,4,32.7,1.2
38,1,1,101,52,15366,0,67.2,0.0
54,2,1,123,82,11999,0,67.1,0.0
43,1,1,111,68,15764,3,32.6,0.0
78,1,1,152,80,4995,5,68.8,2.5
18,2,1,93,60,9566,0,43.1,1.6
18,2,1,111,74,11638,0,42.7,0.0
52,2,1,124,79,14296,0,48.3,0.0
19,1,1,93,59,3488,0,43.6,1.5
22,1,1,104,50,18218,0,20.4,0.0
41,2,1,126,45,8730,7,42.2,0.0
54,2,1,139,58,9420,0,26.3,0.0
32,2,1,128,77,16063,0,13.7,0.0
46,2,1,146,66,9304,2,28.4,0.7
51,1,1,139,60,8864,5,34.0,9.6
63,1,1,160,76,7340,5,58.5,1.0
59,1,1,100,49,10879,0,44.7,3.7
72,2,1,147,87,12831,1,65.9,0.1
18,1,1,104,50,5468,1,5.0,0.3
56,1,1,125,63,8710,4,43.4,9.0
52,2,1,133,77,12529,0,63.9,0.1
19,1,1,97,47,7586,0,11.2,1.0
35,2,1,103,69,5863,0,28.6,0.1
34,2,1,131,75,10690,0,13.9,0.0
25,2,1,155,61,7936,0,39.7,0.4
75,1,1,128,80,5098,3,28.1,0.6
18,1,1,111,63,12587,0,66.0,0.0
18,2,1,101,77,3268,0,26.8,0.0
63,1,1,125,63,15122,3,22.2,2.7
78,1,1,147,78,7372,3,47.6,0.4
47,2,1,99,63,17163,0,64.4,3.0
18,1,1,106,51,15522,1,38.0,0.1
49,2,1,142,74,15219,0,66.5,0.0
64,1,1,131,54,7830,1,12.8,4.5
32,2,1,107,69,8794,1,32.8,0.0
25,2,1,105,54,10741,0,68.1,0.0
18,2,1,114,77,11873,3,36.3,0.0
47,2,1,125,75,4766,1,25.9,0.3
70,2,1,121,61,14607,0,40.0,0.1
52,1,1,121,85,5799,2,55.9,0.2
70,2,1,95,54,9556,1,34.0,0.0
40,2,1,108,58,5872,5,33.3,0.1
45,1,1,101,66,14861,1,61.5,0.0
27,1,1,147,80,14518,0,37.8,3.5
18,1,1,112,59,16596,0,5.0,2.1
18,2,1,100,64,15199,1,5.3,7.3
43,1,1,106,73,9379,0,45.8,1.8
64,2,1,130,67,13290,2,42.7,0.8
18,2,1,121,64,6656,1,33.5,0.0
18,1,1,98,58,14575,0,22.0,0.0
24,1,1,100,60,5171,0,12.7,0.0
55,2,1,122,55,11830,5,16.9,1.3
76,2,1,122,65,7657,1,82.9,0.0
32,1,1,115,50,16338,1,31.2,0.0
71,1,1,134,92,7396,0,38.8,1.0
79,2,1,140,51,5269,4,6.7,4.4
76,1,1,163,64,12608,5,20.5,0.4
22,2,1,112,64,21366,0,29.0,3.7
18,1,1,109,46,7845,4,16.2,0.1
38,2,1,106,68,11620,0,50.0,0.0
18,1,1,115,67,12999,0,46.8,1.7
38,1,1,106,59,11106,8,5.0,0.4
48,2,1,127,66,7214,0,53.4,0.0
45,1,1,115,63,9330,0,30.2,1.7
70,2,1,117,100,12135,2,41.6,0.0
18,1,1,114,64,17581,0,29.9,0.4
53,2,1,101,53,14071,0,58.6,0.0
76,2,1,136,71,11122,0,34.9,0.6
59,1,1,114,52,10869,1,40.0,0.0
53,2,1,111,49,6414,2,26.7,4.4
18,2,1,112,62,19359,2,41.2,0.6
22,1,1,120,64,14144,0,57.2,2.2
36,1,1,127,66,4765,0,32.6,1.2
42,1,1,107,71,6317,0,18.7,0.0
25,2,1,101,53,11934,0,29.6,1.2
70,1,1,150,92,5325,1,63.3,0.0
28,2,1,109,65,5731,0,57.7,0.2
47,2,1,129,70,14092,0,35.5,0.3
78,2,1,179,87,8670,0,58.8,0.5
64,2,1,119,71,5786,0,48.6,0.1
42,1,1,105,45,10146,2,44.7,1.0
18,1,1,130,70,9057,4,36.7,0.1
25,1,1,127,66,12851,2,40.6,0.0
53,1,1,121,63,7772,1,44.9,0.9
63,1,1,120,58,2914,3,44.9,0.1
79,2,1,117,64,15937,0,27.3,9.6
18,1,1,112,45,13980,0,31.4,0.0
63,2,1,129,73,6775,1,37.0,1.3
63,1,1,120,77,11833,0,66.0,0.1
71,1,1,129,78,13429,0,57.6,0.5
73,2,1,146,69,6740,0,51.2,0.0
53,2,1,125,74,15635,1,57.4,3.5
63,1,1,112,68,6688,1,44.7,0.0
30,2,1,94,45,10799,0,9.9,0.9
64,2,1,121,72,7410,4,35.4,1.5
18,2,1,108,76,8123,1,29.6,0.2
58,2,1,122,67,6730,3,44.5,0.0
35,2,1,104,64,16298,0,27.2,0.6
43,2,1,155,69,14537,3,45.6,0.0
23,2,1,115,79,7045,4,33.6,0.2
65,1,1,133,70,10523,0,10.6,0.3
18,2,1,121,76,4382,3,24.4,0.0
74,2,1,127,75,4866,1,56.3,0.0
80,2,1,144,83,5408,4,26.9,1.1
18,1,1,112,56,17148,0,11.0,1.0
18,2,1,105,52,18840,0,5.0,0.0
19,2,1,153,88,13362,0,38.3,0.1
62,1,1,150,61,9683,1,71.1,3.2
18,1,1,118,45,7235,0,31.0,0.7
63,2,1,125,65,9833,3,60.5,0.0
45,1,1,120,74,10382,6,56.4,0.6
47,2,1,114,61,6555,5,17.5,0.8
46,1,1,137,77,10690,0,40.5,0.9
32,2,1,119,84,14842,0,49.0,0.6
18,2,1,101,62,25011,0,29.4,4.0
62,2,1,124,58,7779,4,12.3,0.2
18,2,1,89,51,9026,0,38.6,0.8
79,2,1,125,68,7743,0,53.0,1.3
30,2,1,138,61,11251,0,49.6,1.0
18,2,1,93,45,12981,3,25.7,0.0
71,1,1,138,68,3891,2,57.4,0.9
72,2,1,124,84,6431,2,41.7,4.7
41,1,1,142,88,2412,1,39.4,0.6
67,1,1,102,68,12104,0,74.1,0.1
56,2,1,134,76,6922,4,31.4,0.2
40,1,1,114,57,4893,0,32.8,0.2
64,1,1,140,62,8946,0,51.3,0.7
41,1,1,120,62,5413,3,32.4,0.8
43,2,1,132,69,12283,1,30.4,1.5
35,1,1,117,45,10635,0,40.9,2.2
60,1,1,108,45,6770,6,23.8,0.0
61,2,1,150,74,5125,4,47.8,0.7
38,1,1,112,74,13123,1,35.0,4.1
30,2,1,114,48,7645,6,15.4,0.0
18,2,1,98,47,12104,0,43.6,0.2
51,2,1,112,45,10435,1,33.2,0.0
47,1,1,101,60,13937,0,41.7,7.0
68,2,1,166,74,7178,5,31.4,1.9
21,2,1,97,71,19811,0,28.1,0.6
18,1,1,127,59,19188,0,12.3,0.1
18,2,1,101,46,10352,2,24.3,1.0
45,2,1,130,53,6621,3,31.2,6.8
43,2,1,136,61,5869,2,28.6,0.5
23,1,1,126,82,12830,0,60.1,0.1
18,2,1,99,73,9941,0,42.6,0.0
78,1,1,124,89,11583,4,75.0,0.0
52,2,1,121,61,9031,0,36.3,0.3
26,1,1,136,73,11534,1,34.1,1.6
55,2,1,116,65,8662,0,48.9,1.0
76,1,1,132,72,13132,0,47.4,1.5
23,1,1,120,62,8584,0,66.0,0.0
80,1,1,150,85,5296,7,64.7,3.0
21,2,1,159,85,8710,0,38.4,0.0
70,2,1,118,77,7775,0,61.1,0.0
25,1,1,120,60,13517,0,23.8,2.3
75,2,1,148,76,2625,7,49.5,2.5
52,2,1,129,93,7366,0,40.1,0.0
18,1,1,106,53,18766,5,35.5,1.6
20,1,1,129,85,18367,0,31.5,0.0
18,2,1,115,59,8800,0,5.0,1.3
39,1,1,155,67,14116,1,32.5,0.1
19,2,1,136,65,17161,4,13.1,0.0
67,1,1,127,72,6628,0,34.9,1.4
46,1,1,163,79,5163,0,37.5,0.5
19,1,1,128,74,7720,2,24.6,2.6
77,2,1,158,107,7010,2,46.2,0.0
76,2,1,123,55,3612,1,33.8,0.1
18,2,1,82,45,16417,0,44.8,1.6
56,2,1,123,85,9193,7,40.8,0.6
70,1,1,129,63,7695,0,37.2,1.8
47,1,1,136,66,11862,1,29.2,1.0
55,1,1,158,89,12941,4,59.4,0.0
48,2,1,105,55,8216,3,37.0,3.3
66,2,1,121,64,3667,0,70.9,0.9
24,1,1,103,52,14808,0,29.2,1.6
19,1,1,133,68,16988,1,11.8,0.0
31,2,1,128,74,4457,3,40.5,0.0
77,1,1,122,81,3676,0,69.4,0.4
67,2,1,175,88,7521,2,43.9,2.6
66,2,1,151,95,16278,2,33.0,0.0
18,2,1,96,52,5624,2,20.2,0.5
18,1,1,113,46,25511,0,25.0,0.6
33,2,1,132,89,14764,1,43.5,0.6
24,1,1,101,45,11604,0,26.6,0.0
29,1,1,112,59,15365,1,47.5,0.0
76,1,1,120,50,3943,1,59.0,4.4
65,1,1,139,70,13494,0,43.0,0.0
18,1,1,100,58,9923,0,54.7,0.1
51,1,1,137,68,6037,6,24.9,0.3
35,1,1,97,59,14463,1,39.5,0.0
73,1,1,115,82,12848,0,53.5,3.7
67,1,1,166,60,8377,2,42.5,4.4
22,2,1,109,80,18303,1,59.9,0.0
20,2,1,120,57,11579,8,35.4,0.4
18,2,1,114,60,17093,0,46.8,0.0
18,2,1,121,80,15490,0,39.0,0.2
54,2,1,146,79,14039,0,50.5,2.3
61,1,1,170,87,4887,1,40.2,1.6
25,2,1,107,60,10201,2,54.0,0.2
24,2,1,117,71,15699,3,58.5,1.6
46,1,1,110,60,12216,0,44.0,0.8
42,2,1,133,74,13144,0,52.1,0.6
62,1,1,106,76,8983,6,20.6,2.3
36,2,1,105,50,4594,4,19.2,0.0
37,1,1,118,64,8353,0,40.8,0.5
18,2,1,97,53,11368,0,9.2,0.0
24,1,1,112,56,20343,0,34.5,0.4
45,2,1,119,70,15713,0,58.5,0.2
57,1,1,124,85,8342,5,33.7,0.2
26,1,1,120,78,15251,0,52.3,0.1
77,1,1,103,49,4625,0,56.4,0.5
79,2,1,133,72,11167,0,49.8,0.0
52,1,1,115,54,3023,0,34.3,0.0
56,2,1,150,87,14282,1,30.2,0.0
18,2,1,96,69,9546,0,43.8,4.4
36,2,1,107,59,6975,0,38.6,0.0
56,1,1,132,63,5600,0,37.6,5.4
39,1,1,106,64,10086,0,44.6,0.0
68,1,1,122,50,13956,2,54.0,1.7
31,2,1,130,72,3931,0,61.8,0.3
18,1,1,124,55,5465,0,30.2,0.0
75,2,1,121,79,13379,1,36.6,0.0
30,1,1,141,65,15466,2,49.9,0.9
46,1,1,92,72,6553,1,30.8,0.0
18,1,1,108,71,16427,0,33.5,0.0
64,1,1,114,45,14331,3,17.5,0.2
68,2,1,112,69,6375,0,12.8,0.3
57,2,1,139,72,4417,0,13.6,0.6
56,1,1,145,60,5192,1,38.3,1.1
21,1,1,116,60,11744,0,44.2,0.0
18,1,1,121,93,16140,1,50.1,3.7
66,1,1,125,78,7164,3,28.2,0.0
18,1,1,139,90,10586,0,42.6,4.2
56,1,1,136,57,17337,1,5.0,0.5
64,1,1,131,77,7045,0,33.6,0.0
18,2,1,111,69,14022,0,40.0,0.8
71,1,1,143,81,11482,4,19.5,7.4
46,1,1,107,54,17199,0,41.5,3.8
64,2,1,106,54,14063,2,67.4,2.8
76,1,1,174,68,6890,2,30.8,0.2
18,1,1,100,45,11856,0,20.2,0.5
71,2,1,106,93,15540,0,46.1,2.2
62,2,1,125,70,8858,0,64.2,2.5
60,2,1,114,72,7888,0,38.2,0.0
24,2,1,101,68,12155,0,44.2,0.0
29,1,1,123,63,8162,6,32.8,0.7
46,1,1,116,83,3072,0,23.5,7.9
68,2,1,109,64,11236,2,37.0,0.0
25,2,1,92,65,14942,0,53.4,0.6
29,1,1,127,75,10274,0,44.4,0.3
43,1,1,109,69,8826,3,48.1,1.1
59,2,1,123,63,12680,1,63.4,0.7
20,2,1,107,57,16243,0,34.6,0.1
69,1,1,163,86,11595,1,63.0,1.0
45,2,1,134,54,7101,1,8.4,0.0
73,1,1,124,75,8494,0,35.6,0.3
18,2,1,107,64,11389,0,62.5,0.0
45,2,1,121,60,6248,5,15.9,0.0
78,1,1,141,83,4771,0,65.9,4.3
34,1,1,148,85,14358,0,62.3,1.8
18,2,1,140,68,16435,0,23.0,0.4
22,2,1,102,78,9671,0,51.3,2.2
56,1,1,117,62,4427,0,56.2,0.1
18,2,1,102,58,14741,0,15.2,0.6
41,1,1,132,69,11460,2,41.9,2.5
40,2,1,134,83,7478,0,45.5,0.6
48,1,1,132,97,4672,0,53.3,0.3
67,2,1,155,83,11248,5,38.3,0.1
20,2,1,102,57,14254,0,38.3,0.0
33,1,1,123,72,5038,1,37.2,0.9
48,1,1,107,66,11205,0,44.0,1.9
58,2,1,98,55,8379,0,15.1,0.2
80,2,1,145,94,5571,5,52.7,0.0
67,2,1,129,70,1816,1,39.0,2.3
69,1,1,117,60,13801,0,30.5,2.4
40,2,1,102,68,17331,0,34.2,0.0
22,1,1,129,68,14864,2,9.9,0.0
65,2,1,112,46,15654,2,25.6,6.8
42,2,1,142,63,6340,3,33.1,0.3
35,2,1,129,60,12333,1,41.7,0.0
72,2,1,136,74,12632,1,74.4,0.1
41,1,1,119,87,14113,0,39.4,1.5
63,1,1,105,55,9690,3,51.6,2.6
69,2,1,136,75,9095,5,29.8,0.0
18,2,1,115,65,20680,0,23.0,0.3
44,1,1,130,65,7992,0,49.3,0.4
70,2,1,154,64,9451,4,61.0,0.4
70,1,1,179,100,11491,0,60.0,1.1
66,1,1,146,70,4414,0,50.8,0.3
42,2,1,106,65,14033,0,17.5,0.4
57,2,1,125,71,10496,1,76.1,1.0
21,1,1,110,54,4967,0,32.3,0.3
68,1,1,109,64,11476,1,30.4,0.0
18,2,1,107,45,9178,0,61.5,0.1
67,2,1,130,75,9539,0,46.1,0.1
20,2,1,156,79,17464,0,41.9,0.0
18,1,1,106,45,9473,0,18.9,3.5
18,1,1,128,71,13558,0,6.4,0.2
42,2,1,96,52,11313,5,46.3,0.0
61,1,1,140,49,7024,0,61.2,1.9
18,2,1,126,57,14981,1,34.3,1.1
41,1,1,93,47,14542,0,45.9,2.8
18,1,1,130,79,12207,0,44.6,0.0
18,1,1,107,54,19108,0,34.8,0.0
75,1,1,126,63,9158,0,36.5,0.0
18,2,1,98,62,15878,0,43.6,0.0
33,2,1,136,84,10689,0,36.5,0.2
18,1,1,106,57,13024,0,52.3,3.7
70,2,1,126,70,5048,4,39.1,1.2
63,2,1,121,66,10811,1,32.0,0.0
53,2,1,110,63,13488,5,23.3,0.3
53,2,1,134,48,6743,7,47.9,1.6
61,2,1,99,70,5515,0,58.9,2.9
45,1,1,94,67,9867,0,37.3,0.0
69,2,1,111,61,10139,1,59.3,0.0
80,2,1,144,56,6347,4,68.6,4.5
35,1,1,120,54,6964,1,44.4,0.8
25,2,1,125,64,17294,6,52.0,0.0
18,1,1,108,75,11328,0,43.4,0.2
18,2,1,94,49,12231,1,40.4,0.0
50,1,1,134,53,20240,0,32.6,2.3
62,1,1,105,45,13917,0,46.5,0.0
66,1,1,134,73,18564,3,38.5,1.8
30,2,1,125,61,16849,1,32.5,1.9
27,1,1,112,62,4402,1,42.6,0.0
36,1,1,123,77,20002,0,49.7,1.2
18,2,1,116,60,9486,0,31.0,0.0
19,1,1,105,66,6162,0,22.5,0.2
69,2,1,153,69,8915,2,51.8,0.2
69,1,1,141,86,7846,6,23.8,0.2
45,2,1,109,66,19582,0,39.9,0.0
18,1,1,96,45,18144,3,20.5,1.4
18,1,1,102,45,9139,0,23.0,0.6
39,2,1,152,78,12413,6,37.0,0.4
40,1,1,137,65,10955,5,17.6,0.1
77,1,1,134,60,3391,3,28.2,0.0
76,1,1,129,87,5817,0,49.6,0.0
57,1,1,129,65,4957,7,34.7,4.2
74,2,1,125,72,9397,2,31.6,0.0
18,2,1,104,45,11741,0,43.6,0.0
44,2,1,106,84,12180,0,54.2,0.3
62,1,1,131,84,11608,0,53.9,0.1
78,2,1,117,62,6380,10,37.6,2.5
42,1,1,107,63,7200,1,35.0,0.4
48,1,1,100,70,15039,2,48.9,0.0
18,2,1,106,45,21000,1,26.2,0.0
19,1,1,109,59,16916,0,31.9,0.2
18,1,1,120,99,16214,0,42.7,3.4
18,1,1,112,76,6962,0,25.9,1.7
57,1,1,113,61,4917,6,27.1,0.1
18,1,1,119,45,19737,2,16.3,0.0
78,2,1,140,84,5572,0,55.0,2.6
43,1,1,114,71,13046,0,65.5,5.8
26,1,1,107,84,6150,0,44.2,0.7
56,1,1,113,65,10922,1,38.3,2.4
65,2,1,133,62,7829,10,57.8,0.0
60,2,1,119,88,8874,0,48.8,0.0
18,2,1,105,85,19560,0,38.5,0.0
63,2,1,132,70,15787,1,15.3,0.6
39,1,1,166,75,19226,7,5.0,0.3
18,2,1,103,45,23755,0,40.8,0.4
49,1,1,126,61,8437,7,38.0,2.3
51,2,1,103,71,7345,0,45.7,1.3
42,2,1,122,65,9202,8,27.5,1.0
64,2,1,162,90,8389,0,50.3,0.2
47,1,1,132,116,8995,1,47.9,0.0
61,2,1,128,79,8901,3,59.9,0.0
18,1,1,106,60,11815,0,19.8,0.4
38,2,1,110,55,13769,0,26.8,0.0
70,2,1,118,62,4373,3,15.3,0.3
21,2,1,90,47,12173,0,50.1,0.0
37,1,1,161,72,12984,0,48.0,4.7
76,2,1,120,57,6803,0,39.7,2.3
19,1,1,111,69,18544,0,52.7,2.3
71,2,1,142,71,12264,0,49.0,0.2
71,2,1,101,62,5942,1,22.2,1.4
31,2,1,141,72,12322,8,36.8,0.0
44,1,1,114,53,11148,0,67.3,0.0
25,2,1,105,58,12256,0,36.3,0.1
79,1,1,149,58,5375,1,56.3,0.1
18,1,1,126,55,9921,1,50.0,0.1
36,1,1,112,59,8568,0,42.0,5.4
22,1,1,107,76,17867,0,42.2,0.1
69,1,1,124,70,2854,0,27.7,0.1
19,1,1,102,52,14546,0,23.7,0.5
20,1,1,114,76,7153,0,44.0,0.0
31,2,1,119,83,8029,0,60.1,0.0
51,1,1,152,85,10896,0,53.4,0.4
52,1,1,123,56,10797,2,35.4,0.3
18,2,1,116,45,7965,0,24.6,0.0
24,1,1,115,71,9702,1,20.6,0.2
18,2,1,112,49,14411,0,36.3,0.1
18,2,1,101,55,14812,1,37.9,0.0
23,1,1,107,68,9193,0,53.5,0.1
48,1,1,128,58,6937,1,44.0,0.2
18,1,1,104,62,16229,0,52.6,0.0
25,2,1,93,45,16190,1,55.5,0.6
59,1,1,121,61,10316,0,44.3,0.1
72,1,1,166,91,9701,1,32.2,1.3
70,2,1,142,58,1475,6,53.5,0.0
57,1,1,123,88,13804,1,44.2,0.0
18,2,1,102,68,15263,1,38.9,0.0
28,1,1,119,50,12124,0,26.6,0.0
45,1,1,115,61,8122,0,26.9,0.0
75,1,1,108,50,12109,4,16.1,3.4
18,2,1,116,52,9518,0,54.3,0.0
36,2,1,127,78,9039,0,27.4,0.6
71,2,1,129,69,11511,0,24.5,0.1
25,2,1,109,69,15951,3,5.2,0.3
28,2,1,112,56,12392,1,5.0,0.1
53,1,1,141,76,7366,2,23.1,0.1
38,2,1,120,69,12902,1,44.7,4.0
18,2,1,100,60,4033,0,31.0,0.0
18,2,1,100,59,10360,0,29.8,3.5
74,2,1,130,86,8830,2,47.9,1.5
34,2,1,101,56,12588,0,64.7,0.9
62,1,1,140,70,14669,0,56.0,0.0
44,2,1,112,63,5416,1,51.2,0.1
18,2,1,110,63,9699,0,36.7,0.3
18,1,1,109,72,6506,0,51.7,0.0
18,2,1,106,62,14403,0,28.5,0.5
18,2,1,89,45,5016,0,36.2,1.0
18,2,1,96,64,23347,1,26.9,0.0
65,2,1,124,57,5370,7,20.1,0.0
18,1,1,136,57,11732,0,25.7,1.0
24,2,1,118,67,13967,0,7.4,0.6
18,1,1,139,55,13244,0,14.3,0.0
35,1,1,109,90,18233,0,5.0,5.1
80,2,1,157,98,9530,6,32.4,3.2
78,1,1,164,72,4832,3,46.2,0.5
18,2,1,117,75,13157,1,33.2,0.2
30,2,1,130,84,10461,0,48.8,1.0
18,1,1,103,49,9806,0,32.2,0.1
50,2,1,112,50,13142,1,58.1,0.0
75,1,1,112,72,5586,0,34.6,3.5
64,1,1,109,75,11862,0,43.4,2.4
26,1,1,112,75,13604,2,22.9,3.5
65,2,1,119,68,6827,0,8.0,0.6
24,1,1,127,85,7365,0,40.5,0.0
18,2,1,101,45,10806,0,28.9,3.0
63,2,1,145,73,12097,0,53.2,0.2
59,2,1,132,79,4210,0,66.3,0.0
28,1,1,105,75,11857,0,48.1,0.2
46,1,1,116,64,8433,0,32.9,0.0
47,1,1,125,55,4420,0,16.3,1.8
28,1,1,130,78,10967,0,5.0,1.1
21,1,1,113,45,12107,0,27.7,0.5
71,1,1,157,90,4800,0,48.3,2.3
54,2,1,157,81,18884,0,49.2,0.6
45,2,1,108,71,8737,0,27.7,0.0
68,1,1,114,67,11879,0,47.2,0.2
18,2,1,133,69,17368,0,54.9,3.9
73,1,1,118,66,6572,0,29.2,1.2
28,2,1,135,72,10341,7,42.6,0.0
63,1,1,119,73,4036,1,29.1,0.1
18,2,1,94,71,9256,1,7.1,0.2
65,2,1,113,61,5085,5,43.7,0.0
75,1,1,128,81,6181,1,30.3,0.4
18,2,1,96,70,17980,0,36.4,0.8
59,1,1,114,86,9999,4,18.4,0.2
18,2,1,104,60,8401,1,5.0,0.0
69,2,1,135,45,10271,3,56.7,0.0
18,1,1,123,47,8342,0,24.1,0.5
75,2,1,155,80,8945,1,35.1,2.8
45,1,1,117,59,8638,0,48.1,0.0
65,2,1,140,66,8837,2,55.9,2.4
79,2,1,122,64,8918,5,35.8,0.7
19,2,1,132,50,7961,0,37.9,2.8
34,1,1,110,63,15073,0,35.4,0.9
43,2,1,108,54,8225,5,5.0,0.0
73,1,1,135,68,8609,0,40.0,7.7
57,1,1,119,51,16727,3,13.2,0.0
64,2,1,142,69,4892,2,30.0,2.9
68,1,1,140,69,8388,2,35.2,2.8
59,2,1,107,73,7683,2,48.1,0.3
42,2,1,126,71,11921,5,28.2,4.1
33,2,1,127,63,8722,5,31.4,1.0
46,2,1,95,47,5033,0,25.5,0.4
34,1,1,113,65,5251,2,11.1,6.1
63,2,1,168,73,8631,7,20.6,6.2
18,2,1,93,63,8993,0,35.2,0.5
56,1,1,114,77,23261,0,47.2,1.6
34,1,1,131,92,8635,0,28.9,2.1
35,1,1,153,59,4499,0,49.8,0.5
18,2,1,98,50,16732,0,7.4,0.6
35,1,1,115,66,10332,1,57.8,6.5
43,1,1,127,83,7756,0,42.2,0.2
28,1,1,139,69,16067,0,61.7,0.6
63,2,1,122,54,5616,1,28.6,3.5
31,2,1,94,54,8159,1,31.5,2.0
18,1,1,118,70,13470,0,28.6,0.2
18,1,1,116,71,13372,0,53.1,4.1
42,2,1,136,82,10890,1,79.1,2.6
18,1,1,103,65,7393,1,14.4,0.8
18,2,1,100,58,18864,0,22.1,0.4
32,2,1,112,67,10788,2,47.4,0.0
74,1,1,100,54,10237,2,42.7,0.0
23,1,1,121,67,5215,0,26.4,5.4
75,1,1,132,69,11195,0,49.0,0.1
37,1,1,122,68,14862,0,52.6,0.3
25,2,1,106,73,5852,1,33.3,0.0
51,2,1,134,69,3782,1,30.5,0.2
28,1,1,118,77,11001,0,37.6,7.0
61,1,1,152,72,4322,2,59.3,1.3
22,1,1,123,51,10594,0,16.2,0.4
63,1,1,110,56,8571,1,32.0,1.7
27,2,1,107,58,4932,0,53.4,0.0
18,2,1,104,72,17362,0,29.0,0.0
76,2,1,131,77,6693,1,49.2,1.2
66,2,1,111,68,12716,0,56.8,1.1
25,1,1,131,76,13427,0,20.7,0.0
18,2,1,107,45,14082,1,47.2,0.0
23,2,1,136,65,18302,0,54.7,0.1
33,1,1,116,52,10120,0,36.7,1.4
31,2,1,125,80,12487,0,32.3,0.0
29,2,1,124,67,18960,1,62.4,0.5
71,1,1,109,70,21274,0,66.1,0.0
25,1,1,101,56,4656,2,17.6,0.0
34,2,1,105,53,5384,0,45.0,1.0
55,1,1,147,72,6544,1,51.7,3.9
29,2,1,124,65,10433,1,37.7,0.1
76,2,1,168,69,9844,0,39.6,0.2
38,2,1,123,57,9752,0,21.5,0.0
62,2,1,110,60,15164,9,5.0,0.1
42,2,1,107,64,17174,0,42.4,0.0
23,1,1,116,53,12497,0,56.5,0.0
29,1,1,118,59,11951,0,41.7,0.0
47,2,1,121,72,15975,0,54.4,2.4
64,2,1,136,67,5160,1,46.6,0.0
18,1,1,97,67,12335,0,38.3,0.0
18,1,1,120,77,7053,0,24.4,0.0
58,1,1,136,72,12958,0,32.9,0.0
62,2,1,130,62,11476,9,43.8,0.0
79,1,1,169,89,2964,1,52.7,0.1
40,1,1,122,75,13340,1,39.8,0.7
23,1,1,109,64,9580,0,48.7,0.0
34,2,1,125,76,11078,0,23.4,3.0
19,2,1,110,50,8658,4,28.0,0.0
18,1,1,104,71,13462,1,35.2,0.1
67,2,1,152,63,2772,2,21.9,1.6
44,1,1,122,71,6953,5,29.1,0.0
51,1,1,114,75,11911,0,59.7,0.4
56,2,1,126,80,11218,1,37.2,0.2
18,2,1,128,48,19172,0,36.2,0.3
41,1,1,135,78,11664,0,24.1,0.9
20,2,1,94,49,4689,0,31.6,0.1
63,2,1,141,64,3177,1,63.2,0.4
62,1,1,137,61,7300,2,17.8,9.6
28,1,1,118,66,11431,1,44.0,0.0
60,1,1,127,52,7571,1,34.0,0.2
37,2,1,128,64,16283,0,17.9,4.0
66,2,1,121,81,5977,0,40.8,0.4
54,1,1,130,63,4061,3,12.1,1.6
18,2,1,102,58,11788,0,20.3,0.0
70,1,1,148,51,14007,0,21.7,1.1
62,2,1,133,69,12047,0,63.4,0.3
18,2,1,99,51,20154,0,34.1,0.5
49,1,1,130,77,8491,5,67.4,0.5
46,1,1,128,79,11049,2,28.6,0.8
28,2,1,111,67,9561,3,26.7,0.0
18,1,1,108,64,7270,1,26.6,3.6
70,1,1,142,50,11584,7,77.4,0.2
76,2,1,114,45,13829,2,27.8,0.0
75,1,1,143,62,2676,10,40.7,0.1
22,2,1,113,70,9067,0,75.1,0.2
30,2,1,124,56,25409,0,21.1,4.5
59,2,1,150,82,3894,2,29.9,0.0
60,1,1,118,88,13217,2,28.0,0.5
49,1,1,127,54,7738,0,27.0,0.8
43,1,1,104,84,8033,0,40.4,1.4
50,1,1,179,79,4886,1,15.2,0.4
18,2,1,96,77,24088,0,37.5,0.0
18,1,1,108,50,13303,1,50.5,0.1
50,2,1,106,61,4179,1,25.4,1.3
49,2,1,113,59,7161,0,31.8,0.0
37,1,1,112,55,9661,0,23.0,3.2
54,1,1,123,78,15240,4,56.8,1.6
52,2,1,135,67,17949,4,49.5,0.1
75,2,1,128,65,10119,1,52.3,0.0
78,2,1,128,72,14809,3,46.3,0.3
37,2,1,112,60,7083,0,35.8,0.0
18,2,1,99,45,15479,0,57.9,0.0
52,1,1,157,88,15684,0,34.4,0.0
18,2,1,91,50,11169,0,22.8,1.1
80,1,1,151,90,3571,11,60.7,1.7
62,1,1,134,86,8333,2,34.5,0.1
20,2,1,105,85,5492,1,10.6,0.0
18,1,1,116,56,12641,0,40.8,0.8
34,2,1,111,54,13432,0,14.3,0.4
20,1,1,87,61,9356,0,51.0,0.4
58,2,1,113,67,13671,2,24.8,0.2
79,2,1,129,74,2320,2,56.9,0.0
19,2,1,93,65,15173,0,5.0,0.0
74,2,1,117,74,9315,0,58.9,1.1
67,1,1,148,82,2581,6,57.4,0.0
60,1,1,103,54,9614,1,38.1,4.1
77,2,1,141,74,6337,0,46.1,3.1
80,1,1,136,54,5261,10,58.1,0.7
70,2,1,106,53,4072,0,33.8,0.1
52,1,1,153,67,9112,2,59.0,3.6
18,2,1,92,63,12948,0,23.5,0.0
24,1,1,112,56,5733,1,20.3,0.0
45,2,1,136,90,21638,1,68.9,7.7
18,1,1,111,58,3621,0,43.0,0.0
32,2,1,121,67,8850,2,17.5,0.1
55,2,1,107,65,10001,2,50.2,0.4
49,1,1,133,63,16602,0,41.1,5.6
18,1,1,117,67,10078,1,19.4,0.8
21,1,1,134,71,15981,0,54.2,1.8
65,2,1,144,70,7468,2,35.5,3.3
61,1,1,131,77,9926,5,23.7,0.0
18,2,1,107,59,13409,0,41.1,0.1
59,2,1,124,82,16911,0,64.0,0.0
40,2,1,119,64,9506,1,68.9,0.2
42,2,1,136,79,10619,2,45.4,0.0
55,2,1,118,60,8725,5,40.4,0.0
18,2,1,92,50,12505,0,5.0,0.4
18,1,1,119,45,10447,0,33.8,0.8
20,2,1,100,52,15784,0,36.8,0.6
18,2,1,114,64,18973,0,35.4,0.1
18,2,1,116,57,4736,0,17.6,4.6
47,1,1,134,60,3681,0,63.4,0.6
44,1,1,111,64,7690,1,17.7,0.1
69,1,1,111,45,2076,5,27.1,2.9
58,1,1,121,81,6411,0,62.1,0.1
61,1,1,152,69,5058,1,32.1,0.3
18,1,1,104,82,13664,0,65.1,0.0
49,1,1,137,45,14252,2,21.0,0.1
64,2,1,103,55,3489,1,27.0,2.1
61,2,1,129,80,12184,1,65.6,0.0
64,1,1,151,85,4326,4,39.5,0.0
31,2,1,111,62,15125,0,63.5,0.0
76,1,1,128,79,15189,1,36.5,0.2
18,2,1,98,54,11373,1,32.0,0.4
35,2,1,120,70,9765,1,48.6,0.3
73,2,1,124,76,10435,0,26.9,2.4
31,1,1,102,66,11167,5,26.9,2.6
80,1,1,156,82,8797,1,47.8,0.0
18,1,1,106,59,18183,0,48.4,1.5
20,1,1,107,45,11798,0,8.2,0.0
34,2,1,119,62,15430,0,35.2,0.7
18,2,1,106,50,19518,0,18.6,0.0
41,1,1,108,58,9174,0,29.2,0.0
47,1,1,121,60,17582,0,35.7,1.6
51,2,1,139,83,7227,4,42.0,0.7
58,2,1,103,66,6112,0,48.9,0.0
39,2,1,138,78,15163,0,26.7,0.4
69,1,1,142,93,5417,1,30.7,0.1
70,1,1,120,79,14515,1,42.0,0.4
44,1,1,151,75,11466,2,50.2,0.1
74,1,1,129,79,1736,10,29.9,0.1
57,2,1,126,86,7397,4,13.5,0.0
37,1,1,138,61,9827,1,34.4,0.8
58,1,1,151,66,6296,1,38.0,0.1
49,2,1,119,56,12980,3,34.3,1.4
74,1,1,173,99,6018,0,49.9,0.6
73,2,1,168,86,7558,7,20.0,1.1
66,2,1,136,84,8037,0,32.6,0.2
19,2,1,97,59,16339,0,17.2,3.4
48,1,1,129,75,11817,0,46.9,0.3
24,2,1,104,66,13484,0,47.1,0.8
34,1,1,104,71,7953,0,61.0,0.6
77,1,1,131,77,5208,8,33.1,1.0
18,1,1,119,53,15949,0,31.9,0.1
30,1,1,106,69,5262,0,65.4,0.0
31,2,1,138,73,16334,2,67.6,7.7
31,1,1,102,51,21968,0,37.5,0.0
75,2,1,138,70,13423,8,50.0,0.2
69,2,1,145,58,9596,3,48.9,0.0
79,2,1,106,63,6807,8,76.6,0.0
37,2,1,108,45,6521,0,34.4,1.6
77,1,1,158,79,14161,1,75.9,0.4
56,2,1,112,64,11658,0,27.8,0.1
73,2,1,129,69,5750,3,51.5,1.9
56,1,1,108,56,10068,0,17.9,0.5
36,1,1,132,59,13973,6,30.5,3.8
53,2,1,122,70,13611,2,38.4,0.0
18,1,1,123,74,13650,0,33.4,0.6
79,1,1,160,85,5510,1,28.8,3.2
58,1,1,117,62,4798,0,57.9,0.0
27,1,1,114,55,6323,0,62.4,0.1
18,1,1,97,63,14410,0,41.4,0.1
72,1,1,128,88,7528,0,42.4,0.0
36,1,1,152,63,10383,1,19.3,0.9
50,1,1,153,90,7922,3,39.1,0.6
68,1,1,120,83,10021,1,63.5,0.0
50,2,1,125,54,11939,3,60.7,0.7
21,1,1,112,48,9365,3,24.0,0.1
24,2,1,129,45,12303,0,40.9,4.1
37,1,1,118,45,10730,0,28.8,1.1
34,1,1,104,63,15417,0,27.0,1.3
18,1,1,99,60,11996,0,31.2,0.4
54,2,1,115,77,6760,1,28.4,0.0
18,1,1,131,54,11222,0,29.3,1.3
27,2,1,106,49,7967,0,41.2,0.0
42,1,1,137,95,6827,6,40.8,1.8
32,2,1,131,64,11176,2,11.6,0.0
51,1,1,95,45,16067,0,38.6,0.1
18,1,1,105,59,21450,0,32.7,0.0
76,1,1,162,83,5346,1,38.8,1.1
43,2,1,127,75,13763,0,49.2,0.0
32,1,1,105,62,10920,0,59.3,3.8
77,1,1,124,69,5103,7,37.4,0.6
18,2,1,98,70,10823,0,34.8,0.4
73,2,1,112,74,8677,2,30.0,0.1
26,1,1,117,49,10438,0,22.0,0.5
18,2,1,102,45,10352,2,28.6,0.0
43,2,1,131,58,7930,0,41.1,0.1
73,2,1,161,69,6390,6,28.8,1.1
42,2,1,150,68,7420,0,25.5,0.1
47,2,1,116,70,18297,0,37.2,0.0
66,1,1,126,99,7513,0,35.3,0.4
24,2,1,90,45,3165,0,24.6,0.6
22,2,1,104,78,11537,0,30.4,0.0
31,2,1,118,57,14078,0,38.0,0.0
73,2,1,114,71,4606,5,38.3,1.8
42,1,1,109,84,6731,3,59.6,4.1
62,1,1,118,67,20609,0,51.9,2.5
69,1,1,165,75,6896,1,19.0,0.4
71,2,1,110,45,5270,8,41.9,7.4
18,1,1,113,78,15929,0,16.2,0.1
46,1,1,126,75,10617,1,56.3,0.0
71,2,1,137,78,7536,7,51.3,0.2
18,2,1,106,77,6460,0,45.2,0.0
74,1,1,165,62,7073,1,46.2,2.8
73,2,1,133,57,12387,0,51.2,0.2
70,1,1,113,84,19303,0,43.5,1.3
30,2,1,143,79,6639,5,41.9,1.2
38,2,1,99,71,13701,0,49.0,0.2
24,1,1,100,45,3950,0,50.1,0.0
18,2,1,111,45,9097,8,5.2,0.5
71,1,1,150,68,13880,0,87.1,2.4
43,2,1,117,61,9115,2,62.2,2.4
19,1,1,96,48,7799,0,27.0,0.0
18,1,1,87,45,15429,0,29.4,0.0
35,2,1,113,56,4503,0,21.4,3.2
79,2,1,137,72,8039,1,46.9,0.1
60,1,1,112,77,10877,1,48.4,0.5
18,1,1,158,92,22696,7,33.3,9.1
77,2,1,123,67,9843,1,37.9,2.5
43,2,1,109,61,5587,2,37.8,0.1
59,1,1,109,73,11945,0,28.0,0.0
80,2,1,136,73,4179,1,35.9,0.0
18,2,1,100,45,10710,0,23.7,0.0
18,1,1,103,61,14993,0,39.6,0.5
28,1,1,123,50,18627,0,37.7,0.2
72,2,1,103,45,20943,8,71.9,0.2
53,1,1,123,58,9377,7,21.1,0.9
38,1,1,117,94,7988,0,32.7,0.0
51,2,1,110,58,5090,0,33.3,0.0
18,2,1,105,67,16816,0,45.1,0.0
50,1,1,164,88,10113,1,54.6,0.3
78,2,1,127,89,3269,1,62.6,0.2
80,2,1,187,76,4482,0,46.5,0.0
63,2,1,103,56,6954,1,52.6,0.5
55,2,1,119,76,10160,3,35.9,1.7
26,1,1,118,69,5813,0,35.0,0.4
23,1,1,104,72,9655,0,42.5,0.4
53,2,1,118,48,9388,0,58.0,0.0
77,2,1,152,92,4660,2,75.7,0.9
18,2,1,92,48,9515,0,37.8,1.5
67,1,1,137,87,5646,0,40.4,5.2
48,1,1,99,49,5019,5,39.2,0.2
41,2,1,139,88,9921,0,52.5,0.1
18,2,1,91,59,18166,0,20.2,0.0
18,1,1,116,71,19027,0,45.3,0.4
20,2,1,152,76,9381,3,44.9,1.1
51,2,1,117,59,10119,1,56.3,6.0
54,2,1,131,79,17319,1,29.2,0.5
70,1,1,133,85,10122,5,27.9,0.0
78,1,1,182,93,3307,2,74.9,0.7
66,2,1,121,82,7624,0,44.1,0.5
76,1,1,136,79,5691,1,44.0,0.4
18,2,1,132,63,15272,0,58.6,0.2
73,1,1,110,52,4130,0,5.1,0.1
77,1,1,120,55,7686,5,25.8,5.2
33,2,1,92,47,7438,0,33.8,0.3
75,1,1,126,87,3782,1,45.3,1.0
56,2,1,111,61,10729,0,80.1,0.2
66,1,1,118,47,9598,0,50.3,0.0
29,2,1,155,90,12496,4,50.6,2.7
29,2,1,156,48,10580,2,40.5,0.9
18,1,1,90,47,11180,0,25.6,0.0
77,1,1,119,76,16529,1,10.1,1.3
43,2,1,96,54,8910,1,54.8,2.4
41,2,1,126,61,17922,2,39.6,0.3
21,1,1,95,54,7373,0,33.7,5.4
34,1,1,122,65,12506,0,30.6,2.9
30,2,1,99,45,7963,1,41.5,0.6
67,1,1,112,71,12003,4,18.4,0.0
52,1,1,155,67,11095,0,61.0,0.0
68,2,1,125,52,7397,0,28.3,0.6
70,1,1,156,70,8597,0,33.2,0.3
18,2,1,110,61,15296,4,5.0,4.7
44,2,1,103,85,12776,1,45.5,0.0
18,2,1,101,70,7189,0,25.5,0.5
18,1,1,101,60,11007,1,33.8,0.0
28,2,1,104,58,12918,1,38.5,0.1
18,1,1,104,45,12031,3,5.0,0.6
79,1,1,178,73,8611,1,18.9,0.0
20,1,1,111,70,4505,0,36.1,1.0
39,1,1,164,94,9718,4,34.3,0.9
54,1,1,116,60,4301,4,29.0,1.9
47,1,1,137,81,3554,5,32.8,0.1
37,2,1,126,73,10827,1,31.7,0.2
39,2,1,146,83,2640,1,52.5,0.0
61,2,1,127,50,12701,7,8.1,0.9
78,2,1,160,70,9366,0,36.5,0.5
59,2,1,128,55,2380,1,37.3,0.0
46,1,1,89,74,16327,2,39.0,0.0
69,1,1,136,88,8084,2,63.3,0.0
69,2,1,139,65,5775,1,54.5,0.2
32,1,1,120,57,2783,6,47.0,1.2
47,2,1,123,75,6672,2,30.5,0.0
27,2,1,111,74,11014,1,25.7,1.0
39,2,1,131,48,15063,0,40.4,0.2
42,1,1,113,59,9927,0,47.2,1.3
72,1,1,106,63,11331,0,49.9,0.0
23,1,1,122,47,15841,5,37.0,0.9
18,1,1,112,58,21784,0,27.2,1.6
18,2,0,106,55,16327,0,31.2,0.1
38,2,0,128,82,14458,1,48.1,5.0
18,2,0,98,68,9784,0,55.6,0.0
18,1,0,88,58,13662,0,23.7,0.8
23,2,0,107,62,15006,0,56.8,0.2
30,1,0,123,70,16059,0,65.5,0.9
32,2,0,118,80,9892,1,47.3,0.0
75,1,0,115,70,14142,1,62.8,2.3
65,1,0,122,84,6947,1,62.8,0.0
42,1,0,152,80,7348,2,18.6,0.0
26,2,0,88,45,9890,0,42.8,0.0
18,1,0,129,60,11925,0,50.7,0.5
41,1,0,98,66,7468,0,68.3,0.3
23,2,0,103,67,11074,9,50.4,0.3
26,2,0,85,50,16570,0,53.7,0.5
59,1,0,102,45,18526,0,81.2,0.3
20,2,0,99,45,6253,4,39.0,1.1
54,2,0,125,87,10034,0,22.8,0.5
42,2,0,117,67,15095,0,46.0,0.6
18,1,0,88,59,7616,0,30.5,4.7
18,1,0,112,47,19921,0,41.3,0.0
37,2,0,93,71,7441,2,32.4,0.0
33,1,0,150,76,18560,0,23.0,0.2
69,2,0,128,80,15000,0,39.5,0.1
64,1,0,121,100,4578,0,60.5,0.0
18,2,0,86,45,20426,0,5.5,0.0
29,1,0,140,70,3434,0,65.6,0.8
23,1,0,115,58,6793,0,28.3,0.0
36,1,0,113,55,7279,0,25.2,0.2
38,1,0,92,59,6803,1,14.3,0.0
70,1,0,110,65,14261,1,28.1,0.1
24,2,0,123,61,9151,4,21.9,0.8
25,2,0,132,80,10692,0,46.4,2.9
18,2,0,96,84,19685,0,18.6,0.4
18,2,0,111,67,17790,0,55.9,0.1
60,1,0,121,94,14518,0,62.2,0.2
18,2,0,105,67,14941,0,29.6,0.2
34,1,0,115,84,9634,0,39.6,0.0
34,2,0,106,54,9331,1,20.2,0.4
21,2,0,110,83,6198,0,52.0,0.0
71,2,0,132,61,3410,0,47.9,0.0
79,2,0,134,76,9067,4,58.9,0.6
43,2,0,137,77,8723,2,37.5,2.0
76,2,0,102,63,8158,1,51.1,0.0
67,2,0,113,79,3533,1,75.1,0.6
55,2,0,133,81,9430,1,37.3,0.4
56,2,0,121,68,7409,0,50.6,0.3
76,1,0,141,89,6425,0,84.9,0.0
20,2,0,113,64,13697,0,39.4,0.0
23,1,0,123,77,17256,0,42.6,0.0
44,2,0,118,50,9771,7,7.1,2.9
44,1,0,102,49,5656,1,28.3,0.1
22,1,0,117,80,3846,0,45.2,0.0
18,2,0,92,78,9336,0,30.2,0.8
18,2,0,95,47,22420,0,15.5,0.0
65,1,0,129,99,2880,0,49.9,0.4
18,2,0,94,52,10939,0,44.1,0.0
18,2,0,93,69,3483,0,84.4,0.1
18,2,0,83,45,18825,0,44.0,0.0
18,2,0,107,45,13257,0,41.7,1.0
71,1,0,136,73,9339,0,45.1,0.1
71,2,0,117,95,11665,1,50.3,0.0
18,2,0,111,66,15366,0,27.0,0.0
69,2,0,130,81,5020,7,75.4,0.7
18,1,0,108,50,13882,0,40.0,0.0
44,1,0,115,66,5778,0,37.8,1.9
54,1,0,143,81,16447,0,43.7,0.0
18,1,0,115,85,13986,0,34.3,0.1
18,1,0,97,45,21286,0,28.5,0.1
38,2,0,108,71,11938,0,41.7,0.8
18,2,0,92,46,13412,0,27.7,2.0
59,1,0,122,87,19999,0,59.3,0.5
73,1,0,122,72,7318,0,30.2,0.3
63,1,0,104,61,3025,1,42.5,0.0
18,2,0,123,45,11460,0,27.0,0.0
66,2,0,128,88,6851,5,40.9,1.2
31,2,0,99,47,16164,1,51.8,0.0
35,2,0,146,101,4092,0,61.2,0.1
54,1,0,144,78,17235,0,47.3,0.2
18,1,0,102,46,4915,0,24.5,3.1
18,1,0,117,60,6183,0,34.4,0.5
51,2,0,120,55,7212,0,22.8,1.7
78,2,0,130,83,3485,0,69.6,0.3
46,2,0,109,60,14382,1,34.0,0.4
18,1,0,104,77,10059,0,29.1,0.5
67,2,0,126,63,9999,1,39.9,1.1
18,2,0,107,76,11487,6,41.1,0.0
18,2,0,105,66,15632,0,38.2,5.5
24,1,0,97,62,16304,0,44.0,0.0
72,2,0,113,63,7152,0,65.9,0.0
21,2,0,115,53,4761,0,64.2,0.1
63,2,0,105,82,10074,0,59.0,0.0
60,2,0,107,69,11555,0,75.3,1.3
74,2,0,108,89,12272,2,46.9,0.6
18,2,0,117,68,15416,0,25.8,0.0
78,1,0,150,96,9641,0,49.5,0.4
36,1,0,154,74,12597,0,71.5,2.7
61,1,0,102,47,17026,0,52.8,0.0
21,1,0,111,64,14293,0,47.7,5.1
18,1,0,103,67,9072,0,38.9,0.0
24,2,0,115,84,3785,0,54.4,3.7
66,2,0,128,92,10910,0,52.0,0.0
18,2,0,100,45,19438,0,57.0,0.0
18,2,0,92,46,7315,0,27.4,0.0
23,2,0,125,74,6233,0,38.9,0.1
43,1,0,108,71,18211,0,51.4,1.4
79,1,0,115,81,10297,2,61.1,0.7
59,1,0,133,59,16282,0,49.3,0.2
67,1,0,119,79,13353,0,68.2,0.0
58,2,0,120,70,5655,0,48.2,0.0
32,2,0,111,65,18776,0,47.9,0.1
66,1,0,93,49,10988,0,52.4,0.1
79,2,0,147,99,11448,1,51.2,0.0
18,1,0,114,74,10812,0,45.7,0.3
72,2,0,101,75,9835,0,64.3,0.0
18,2,0,90,48,16771,0,22.3,0.0
47,2,0,124,75,8633,0,45.6,5.2
38,1,0,118,80,10718,0,37.6,0.2
50,1,0,103,56,6645,1,57.3,4.4
64,1,0,118,64,9730,6,41.7,2.0
23,1,0,125,55,9946,3,30.5,1.0
54,1,0,121,80,10381,0,35.0,0.5
30,2,0,110,53,7365,1,48.2,0.0
28,2,0,117,63,12526,0,36.5,1.4
63,1,0,128,53,12369,0,33.6,0.4
43,1,0,113,84,9258,0,55.1,0.1
18,2,0,102,56,14467,0,68.5,0.0
18,1,0,104,59,16914,0,15.2,0.0
21,1,0,112,68,9872,0,59.8,0.6
47,1,0,120,60,7402,0,35.1,0.3
19,2,0,103,73,6427,0,41.7,0.0
18,1,0,117,78,9993,0,19.1,0.0
55,1,0,138,66,23733,0,41.2,0.9
42,1,0,101,75,11009,0,50.8,0.3
50,2,0,109,71,14474,3,57.1,0.6
18,1,0,116,63,15716,0,50.4,0.0
18,1,0,101,47,11788,0,40.2,0.0
78,2,0,154,59,6109,0,77.3,0.2
19,2,0,121,74,11466,5,37.3,0.1
44,2,0,115,76,12562,0,57.9,0.0
20,2,0,114,46,10284,1,50.3,0.0
18,1,0,108,56,13898,0,54.2,0.0
18,2,0,116,76,9164,0,47.2,0.0
21,1,0,88,49,7921,0,51.2,0.4
67,2,0,112,65,6067,0,55.3,0.0
64,1,0,136,70,7367,0,39.1,8.6
56,2,0,119,81,8843,1,49.9,0.1
58,1,0,106,56,6533,0,53.9,0.1
77,1,0,131,79,12162,0,51.1,2.7
27,2,0,86,50,11343,0,45.0,0.0
34,2,0,135,63,9031,0,39.9,0.0
18,1,0,87,45,9822,0,10.9,0.4
46,1,0,114,70,10149,8,36.4,0.5
44,2,0,122,76,7523,5,64.6,0.0
37,1,0,101,72,16429,0,57.0,0.0
18,2,0,122,78,8816,0,73.9,0.0
18,1,0,93,47,14100,0,65.9,0.0
30,1,0,131,73,11715,0,41.1,0.2
18,1,0,108,73,11211,0,41.1,0.3
78,1,0,140,73,9579,0,70.7,0.2
61,1,0,143,85,12098,0,54.4,0.0
48,2,0,120,52,14240,0,55.3,0.1
52,1,0,110,65,10534,0,30.2,0.3
60,1,0,125,80,10996,0,57.8,0.2
68,1,0,123,78,9536,0,43.2,0.3
18,2,0,101,55,15785,0,36.9,1.5
75,2,0,152,77,6930,6,40.1,2.6
77,1,0,170,68,5706,1,58.1,0.0
69,2,0,137,82,9526,0,54.8,0.5
37,2,0,108,60,9935,0,58.2,0.0
40,2,0,120,84,6889,0,33.2,6.6
53,1,0,204,78,9658,0,44.6,2.0
66,2,0,99,55,2226,0,37.4,0.0
18,2,0,118,91,14217,0,66.3,0.0
54,2,0,119,95,9810,9,51.2,0.1
28,2,0,123,71,6442,1,49.0,0.0
19,1,0,112,83,16554,0,21.8,0.4
20,2,0,106,55,21617,0,73.1,1.9
30,1,0,110,81,11019,0,51.8,5.4
36,2,0,148,76,7565,0,17.1,2.2
28,1,0,110,45,19892,0,39.5,0.3
49,2,0,130,69,4982,1,44.2,0.2
36,1,0,92,62,16815,0,55.3,0.0
37,2,0,142,61,4491,4,47.7,0.5
56,2,0,99,53,5086,1,37.3,0.4
18,1,0,131,66,9372,0,9.4,0.0
18,1,0,126,59,15868,1,45.2,0.0
18,2,0,92,45,7395,2,27.2,0.1
72,1,0,117,77,9424,3,45.5,1.9
42,2,0,120,90,6273,0,81.1,0.3
53,1,0,102,51,8680,0,69.1,0.0
37,2,0,126,73,8703,2,52.2,0.4
37,1,0,99,58,9271,2,37.0,0.0
43,1,0,121,51,5065,0,29.5,0.3
68,2,0,136,75,17393,0,52.0,0.0
71,2,0,148,77,10633,2,72.2,0.0
18,1,0,115,68,17221,0,47.6,0.1
18,1,0,97,79,14647,0,82.4,0.2
66,1,0,103,81,4137,0,49.7,5.9
72,2,0,129,63,5031,2,20.8,3.9
37,2,0,159,94,9671,1,60.3,0.0
68,2,0,133,90,9422,0,29.9,2.1
60,1,0,114,77,9381,2,45.0,0.2
26,2,0,153,85,15077,0,22.9,0.8
34,2,0,107,54,9474,0,64.1,0.8
33,2,0,119,75,11372,0,69.1,0.1
21,1,0,113,71,18239,0,48.5,0.0
78,1,0,144,52,13339,0,74.8,0.1
23,1,0,125,58,14842,0,31.7,0.0
20,1,0,111,61,9709,0,25.6,0.0
38,2,0,126,81,2734,0,30.3,0.0
27,2,0,144,75,16296,0,22.5,0.2
24,1,0,114,53,7080,0,36.7,1.3
37,2,0,110,81,3731,0,46.5,0.0
58,2,0,140,77,10487,0,30.2,0.9
58,1,0,111,73,12241,0,72.8,0.1
63,1,0,139,76,8010,0,95.0,0.3
76,2,0,109,74,5697,0,59.7,0.3
56,1,0,104,52,6865,1,27.0,0.1
18,2,0,91,45,9910,0,33.4,0.0
66,1,0,126,64,8945,0,37.0,1.5
23,2,0,123,77,13452,0,46.6,0.8
68,1,0,116,63,2479,1,46.5,0.0
27,2,0,113,68,9341,0,41.6,0.6
68,1,0,143,68,13295,0,24.3,0.0
34,2,0,134,66,10484,0,52.7,0.0
41,1,0,119,74,12154,0,45.4,0.0
33,2,0,108,62,9200,0,16.6,0.0
42,2,0,100,72,7289,0,33.8,0.3
74,1,0,162,85,5548,0,61.5,0.5
25,1,0,125,80,12434,0,58.2,2.0
72,1,0,151,93,16104,0,49.3,0.0
56,2,0,105,76,14383,0,44.8,0.0
20,2,0,102,72,10811,0,31.5,0.5
26,1,0,91,54,6772,0,44.2,0.3
45,2,0,143,83,11541,0,33.8,8.8
18,1,0,128,67,16667,0,72.5,0.4
41,2,0,108,67,9918,0,47.3,0.3
43,1,0,129,91,9527,0,29.8,0.7
69,2,0,114,55,7569,1,34.3,0.6
46,1,0,123,73,14424,0,57.3,1.4
18,2,0,105,57,13094,2,28.8,2.7
21,2,0,115,45,10693,0,31.3,1.5
31,1,0,123,73,11241,0,41.8,0.1
79,2,0,173,71,4434,4,45.3,0.1
33,2,0,114,73,6656,0,71.2,0.0
28,2,0,149,80,9314,1,58.7,0.0
18,2,0,113,70,11221,0,50.1,0.6
31,1,0,87,47,8692,0,29.7,0.1
21,2,0,115,64,12325,0,57.0,0.0
42,2,0,133,85,6429,1,30.1,0.2
65,2,0,125,70,13907,3,72.2,0.0
33,2,0,115,80,18809,0,38.9,0.0
34,2,0,104,69,5523,1,57.4,0.0
75,2,0,128,76,15584,0,82.5,0.0
75,2,0,121,79,11807,1,84.3,0.1
41,2,0,118,63,5698,1,44.1,1.0
33,2,0,106,58,18367,1,48.9,0.0
73,1,0,123,64,9635,0,64.0,0.0
33,1,0,105,64,16909,0,41.5,4.6
18,1,0,113,67,8863,2,57.3,0.0
42,2,0,127,72,6469,0,43.3,5.6
57,1,0,157,45,5590,1,74.5,1.6
69,2,0,142,59,14192,1,18.8,0.0
18,1,0,101,53,8009,0,35.3,0.0
18,2,0,105,54,10673,0,44.7,0.0
18,2,0,124,67,11893,0,48.9,0.0
63,1,0,113,57,6946,0,28.6,1.1
19,2,0,116,70,19369,0,45.4,0.0
60,2,0,115,61,13074,0,70.0,0.5
28,1,0,101,60,11517,1,47.2,1.9
33,2,0,133,80,9206,0,48.3,0.0
18,2,0,90,70,11604,0,40.8,0.0
18,2,0,98,55,11255,0,33.5,2.1
32,2,0,117,58,8946,0,46.2,0.6
24,2,0,131,70,6157,3,10.4,0.2
65,2,0,170,93,12696,10,33.8,0.0
19,1,0,152,67,16125,0,42.5,0.1
52,2,0,135,59,16349,0,52.5,0.4
18,1,0,92,52,11042,0,53.8,0.0
41,2,0,101,79,8118,1,48.6,0.3
33,1,0,107,57,8923,2,40.2,0.0
50,2,0,116,60,11621,1,30.9,0.8
76,1,0,136,62,15405,1,37.4,0.0
42,1,0,134,87,9765,1,61.9,1.6
77,1,0,131,75,6691,9,69.3,0.0
27,2,0,115,55,18183,0,39.1,0.0
62,2,0,113,92,10939,0,92.3,0.1
45,1,0,115,60,14533,0,79.1,0.0
18,1,0,125,52,11809,0,5.0,0.0
46,2,0,112,57,12906,1,38.0,0.1
70,1,0,123,65,14719,3,51.0,0.0
28,1,0,135,100,14270,0,64.7,0.0
55,1,0,119,67,5559,0,40.0,0.0
18,1,0,110,70,10606,0,34.8,0.0
18,2,0,107,75,16113,0,79.4,0.0
19,1,0,108,74,12844,0,25.8,0.1
32,2,0,107,56,13128,0,34.0,0.7
30,1,0,107,74,17611,0,42.5,0.2
72,1,0,133,84,9496,5,26.4,0.0
55,1,0,122,57,5184,3,35.1,0.2
69,2,0,125,56,12962,0,73.9,1.0
50,1,0,149,76,12651,0,50.4,0.0
18,1,0,126,73,13134,0,64.9,0.0
18,2,0,102,51,13703,1,30.3,0.1
45,1,0,154,99,5611,0,50.9,0.6
22,2,0,111,54,6533,0,58.6,2.0
27,2,0,92,76,9369,0,40.3,0.2
35,2,0,110,76,6762,0,25.9,0.0
44,2,0,95,52,8909,0,52.6,0.1
48,2,0,117,50,8450,0,80.2,1.2
20,1,0,115,53,9524,0,32.0,0.0
26,2,0,124,79,12763,0,72.2,0.0
58,2,0,107,78,8655,0,48.2,5.0
20,2,0,114,75,7849,0,46.2,0.4
29,1,0,107,49,6058,0,55.9,0.2
49,2,0,135,53,12100,0,43.6,0.1
21,1,0,97,52,8092,0,16.8,0.2
41,2,0,129,76,8591,0,36.1,0.0
44,2,0,110,60,18677,1,44.4,0.4
18,2,0,110,70,17038,0,32.7,0.0
18,1,0,95,50,9531,0,32.2,0.1
18,1,0,103,60,11913,0,58.3,0.0
18,2,0,97,49,5152,0,45.8,0.0
44,2,0,122,56,10493,0,5.0,2.3
54,1,0,125,77,5659,1,68.1,5.1
38,2,0,121,66,6311,7,26.6,0.0
80,2,0,124,92,10126,1,59.9,0.0
18,2,0,116,82,11637,0,54.0,0.0
52,2,0,93,57,10823,0,71.0,6.3
50,2,0,128,65,2815,6,38.5,0.0
70,1,0,139,69,6209,0,70.0,0.0
23,2,0,112,84,11738,0,70.9,0.7
43,1,0,108,51,12033,1,45.0,0.0
22,1,0,122,56,9242,0,49.1,2.8
47,1,0,121,64,11061,0,50.8,0.0
47,1,0,107,66,7118,0,67.1,0.0
39,1,0,110,69,18199,0,47.3,0.9
64,2,0,135,74,17869,1,54.1,1.2
36,1,0,103,46,13254,0,44.0,0.3
29,2,0,105,45,8286,0,30.1,3.8
23,1,0,104,45,12109,0,53.7,1.4
74,1,0,143,81,5954,0,58.0,2.2
18,1,0,114,45,16413,0,49.0,0.4
65,2,0,143,89,12510,1,20.3,0.0
60,1,0,115,64,8364,1,59.0,0.0
30,2,0,112,63,14227,0,59.3,2.3
41,2,0,103,51,14864,1,46.2,2.5
34,2,0,171,70,13819,0,47.7,0.3
58,2,0,124,66,8033,0,20.9,0.0
72,2,0,114,60,13723,0,42.4,0.0
19,2,0,118,45,5654,0,20.7,2.2
18,1,0,126,72,13188,0,16.8,3.1
77,1,0,116,70,8094,0,70.9,0.0
43,2,0,108,73,6831,1,46.6,0.0
40,2,0,104,89,14237,0,31.4,0.1
53,1,0,108,89,9473,1,47.0,0.2
18,1,0,111,79,13742,0,68.3,0.0
71,1,0,145,51,7019,5,32.5,1.0
18,2,0,90,67,10608,0,32.6,0.0
61,1,0,138,71,9556,0,73.9,2.2
40,1,0,137,70,8704,0,51.5,0.0
52,1,0,124,56,17859,1,23.3,0.0
49,1,0,163,72,7484,0,37.0,0.3
32,2,0,96,62,14616,0,47.4,0.1
56,2,0,121,61,7449,1,54.3,0.5
22,2,0,106,61,20518,0,90.7,0.3
18,1,0,116,72,12674,0,37.6,1.6
28,2,0,114,73,6968,0,37.0,0.2
18,2,0,105,65,15844,0,50.9,1.2
53,2,0,123,67,12136,6,41.8,0.6
41,2,0,102,74,8511,0,87.3,0.0
20,1,0,118,45,14348,2,22.3,0.1
38,1,0,88,74,14586,0,44.1,0.8
25,1,0,112,84,12501,0,82.2,0.5
18,1,0,118,68,10624,1,17.4,1.1
18,2,0,110,84,13199,0,55.4,0.0
18,2,0,125,81,14872,0,37.7,0.4
77,2,0,142,60,12175,0,44.6,1.3
41,1,0,135,78,16868,1,61.0,0.0
26,1,0,129,76,14415,0,53.1,1.1
18,1,0,103,76,15300,0,43.9,0.0
25,1,0,111,78,8635,3,23.8,0.3
62,2,0,99,58,6654,2,54.2,2.7
70,1,0,133,69,6479,3,61.1,0.0
18,2,0,93,65,12751,0,19.1,0.1
29,2,0,96,50,4754,0,24.5,2.2
78,2,0,124,82,4015,5,21.6,1.0
20,1,0,109,76,13606,0,68.5,0.0
18,1,0,106,71,8301,0,32.9,0.0
27,1,0,128,93,3716,0,41.1,1.1
34,1,0,109,76,12992,0,56.9,0.0
75,1,0,135,79,10434,1,58.7,6.5
42,1,0,114,58,10719,0,45.7,0.2
23,2,0,92,45,16860,2,29.9,5.4
46,1,0,94,45,10438,0,32.7,0.0
60,1,0,117,76,10158,0,41.2,4.2
77,1,0,118,82,9038,1,42.9,0.0
40,1,0,125,68,6504,0,57.1,0.1
36,2,0,139,79,12607,0,74.1,0.6
18,2,0,100,60,11658,0,35.3,0.0
59,2,0,108,45,4721,0,49.7,0.5
48,1,0,144,79,1971,2,36.9,0.6
34,1,0,104,71,11273,0,57.0,3.0
42,1,0,125,79,10797,0,36.4,0.0
18,1,0,107,68,12503,0,95.0,1.0
55,1,0,114,59,3055,1,44.0,0.1
18,2,0,110,59,10906,0,50.7,0.1
32,2,0,103,56,13434,0,40.9,0.3
18,2,0,118,69,9386,0,37.6,0.3
18,2,0,95,57,20529,0,42.4,0.0
25,1,0,100,66,7304,0,50.1,0.3
29,2,0,133,86,13162,0,62.4,4.8
79,2,0,136,69,11081,1,59.6,0.0
36,1,0,113,81,13853,0,61.7,0.0
18,2,0,99,55,11735,0,36.0,0.0
41,2,0,127,59,7573,0,88.3,0.0
18,1,0,121,76,15967,3,10.0,0.0
71,1,0,167,89,10320,0,35.8,7.0
18,1,0,102,54,13837,0,28.7,0.0
30,1,0,105,65,10441,0,60.1,0.8
29,2,0,122,76,8597,0,61.7,0.0
18,2,0,108,61,12817,0,22.4,0.0
50,2,0,107,55,16901,0,52.9,0.1
18,2,0,94,66,11437,0,26.2,0.3
18,1,0,86,51,13571,0,48.4,0.0
18,2,0,121,72,9831,0,27.6,0.0
45,1,0,126,61,5773,0,74.6,0.8
18,1,0,100,49,18343,0,62.2,0.0
18,2,0,116,98,15417,0,63.2,0.0
18,1,0,99,51,17620,0,65.0,0.0
61,1,0,133,63,4673,0,66.4,0.0
58,1,0,125,57,15795,0,29.2,0.1
44,1,0,147,66,12196,2,63.3,2.0
35,1,0,95,73,13956,0,22.2,0.1
30,1,0,110,50,14058,0,53.3,2.3
74,2,0,135,79,9294,0,44.7,0.2
77,2,0,113,64,6395,1,37.9,0.2
29,1,0,130,53,15139,0,25.6,0.9
61,1,0,152,89,10925,0,63.3,0.1
18,2,0,102,69,11128,0,76.2,0.0
27,2,0,101,71,6893,1,65.8,0.0
18,2,0,110,68,11984,0,48.8,0.0
28,1,0,128,85,17080,0,47.1,4.6
48,2,0,105,46,11523,1,51.7,2.2
49,2,0,125,53,3409,1,50.5,1.4
72,1,0,102,59,9629,0,49.1,0.0
54,2,0,124,84,15826,1,74.8,0.0
18,1,0,117,60,6619,0,39.4,0.0
50,1,0,118,48,12162,1,48.3,2.1
18,1,0,100,57,10446,0,57.9,4.1
63,2,0,105,65,7294,0,53.4,1.6
18,1,0,112,71,17906,0,36.7,0.5
72,2,0,127,92,6637,0,75.9,0.3
66,1,0,156,87,8035,2,61.2,0.0
51,1,0,165,72,11928,5,50.2,2.0
32,1,0,132,82,7485,2,22.1,0.0
77,1,0,134,62,6888,0,41.6,0.1
51,1,0,125,92,8871,0,60.2,1.5
29,2,0,104,55,15211,0,54.5,0.1
62,1,0,129,88,5781,0,52.6,2.2
32,2,0,103,76,16560,0,53.6,0.3
67,1,0,119,55,5195,0,55.9,1.5
18,1,0,95,74,9967,0,5.0,0.0
21,2,0,109,77,16089,0,31.7,0.0
29,1,0,98,54,13281,0,39.8,0.0
30,1,0,109,74,12704,0,28.4,0.1
41,2,0,132,57,7169,0,52.5,0.2
18,2,0,104,50,9329,0,23.6,0.4
18,1,0,134,76,23305,0,58.3,0.1
27,1,0,112,71,10635,4,29.2,0.0
33,2,0,136,73,10604,0,50.9,0.0
45,1,0,101,61,14624,0,83.1,0.3
58,1,0,112,73,12922,0,63.2,2.6
57,2,0,143,111,8520,4,30.6,0.1
66,2,0,123,73,16418,1,82.9,0.0
31,1,0,112,74,10912,0,51.5,0.5
18,1,0,119,53,9439,0,50.3,0.0
51,2,0,99,53,3977,1,34.5,0.3
18,2,0,124,72,20710,5,44.7,0.5
58,2,0,127,86,7286,4,46.7,0.2
63,1,0,143,77,8315,0,95.0,0.8
61,2,0,118,80,12379,8,24.8,0.0
46,2,0,97,62,8250,1,22.3,1.7
29,2,0,119,54,7832,3,5.0,5.4
67,1,0,125,65,8837,0,60.2,0.0
70,2,0,117,62,6467,0,35.6,0.1
59,1,0,142,79,13991,0,58.1,3.9
70,1,0,142,76,7675,6,46.3,0.0
63,2,0,145,75,8352,0,38.5,0.0
52,1,0,109,77,11178,0,54.2,2.4
51,2,0,111,50,10014,3,23.8,0.0
52,1,0,140,93,7015,2,47.5,0.0
27,1,0,130,71,13616,0,52.3,1.5
26,1,0,104,71,7572,0,44.8,0.4
26,1,0,106,68,19845,1,20.3,0.3
59,1,0,98,90,5054,0,43.7,0.0
18,2,0,95,78,14944,0,21.0,0.1
18,2,0,107,59,9268,0,30.4,0.1
76,2,0,105,51,6335,3,60.9,0.2
18,2,0,115,64,8208,0,43.5,0.1
18,1,0,108,74,12384,1,58.6,0.0
27,1,0,116,64,9735,0,39.2,0.1
77,1,0,117,74,2387,1,59.1,0.0
27,2,0,118,76,15303,0,58.4,0.4
18,2,0,86,57,20259,0,51.7,0.2
74,1,0,128,63,6282,0,49.7,0.0
25,1,0,103,86,15939,0,45.6,0.1
76,2,0,140,78,7433,6,64.7,4.9
18,1,0,108,61,14944,0,59.6,1.5
18,2,0,111,64,18646,0,72.8,0.0
18,1,0,106,73,10456,0,31.2,0.0
34,2,0,144,75,15161,0,40.7,0.1
39,2,0,104,49,8815,0,48.2,0.1
54,1,0,122,80,11835,4,36.9,0.2
18,2,0,110,54,13119,0,48.3,0.0
18,2,0,104,61,6190,0,44.5,0.1
62,2,0,108,60,11227,0,54.1,0.0
72,2,0,136,91,9919,0,43.3,0.0
72,2,0,125,52,11187,0,68.0,0.0
18,1,0,123,74,18030,0,33.7,0.4
72,2,0,133,67,14870,2,46.0,0.0
61,1,0,122,78,17308,0,49.4,0.0
42,1,0,114,61,17638,1,50.6,0.8
40,1,0,114,62,5459,1,47.1,5.0
18,1,0,105,68,7439,0,22.8,0.0
35,1,0,109,55,20923,0,54.4,0.0
65,2,0,122,74,15974,0,84.5,0.3
52,1,0,125,84,11485,0,60.0,0.0
18,1,0,99,53,8963,0,37.5,0.0
60,2,0,105,68,16497,0,86.1,0.9
18,2,0,99,68,8078,0,71.4,0.0
64,2,0,132,81,18142,0,61.3,0.0
56,1,0,170,91,5708,2,35.8,0.0
35,1,0,126,67,7030,6,44.7,1.0
18,1,0,105,61,11517,0,36.4,0.1
55,2,0,96,58,13870,0,57.6,0.2
69,2,0,127,67,6780,0,43.7,0.1
53,2,0,117,59,7716,0,38.4,2.7
50,2,0,137,66,8248,0,45.3,0.0
18,2,0,106,53,13088,0,35.9,0.0
79,1,0,98,55,7528,5,36.8,0.1
41,1,0,111,75,10989,0,42.0,0.0
46,1,0,140,70,8504,0,72.2,1.1
18,1,0,96,54,14050,0,63.1,0.0
60,1,0,123,72,15153,0,60.0,0.1
65,2,0,98,68,19109,0,78.9,0.3
38,2,0,124,73,17706,1,60.6,0.6
35,2,0,108,67,15642,1,61.2,0.0
64,2,0,122,85,13608,0,60.2,0.0
58,2,0,103,73,13107,0,71.9,0.6
52,2,0,105,61,7502,0,55.4,0.1
46,2,0,136,64,9183,0,48.4,0.1
37,1,0,110,46,13133,0,13.3,0.0
18,1,0,135,79,18507,0,47.3,0.2
18,1,0,103,60,12727,0,25.3,0.0
18,1,0,95,60,26022,0,64.3,0.0
18,1,0,89,54,21000,0,48.2,0.1
45,2,0,103,64,13961,0,32.0,0.8
50,1,0,130,68,22468,0,55.1,0.9
31,2,0,102,55,13208,0,42.9,0.0
61,1,0,127,88,15394,0,57.7,0.0
19,1,0,109,81,19211,0,40.0,0.0
20,1,0,96,48,19409,0,42.1,0.1
60,2,0,132,66,3391,3,8.5,0.0
19,2,0,94,60,5784,0,41.3,0.0
72,2,0,132,81,13162,7,68.4,0.1
51,1,0,140,82,7612,0,60.8,0.8
74,1,0,147,78,11962,2,52.1,2.0
18,1,0,100,58,23381,0,28.5,0.2
53,1,0,150,65,10192,2,40.3,0.0
18,2,0,94,59,13677,0,31.0,0.2
43,1,0,125,48,11011,0,46.4,2.9
18,2,0,103,49,8183,0,18.4,0.4
25,1,0,98,48,6703,0,22.2,0.1
18,2,0,109,88,12345,0,71.1,0.1
74,1,0,174,73,4019,1,50.7,0.0
37,1,0,128,69,10996,1,27.3,0.0
52,2,0,115,52,6591,1,31.2,0.0
19,1,0,116,52,12122,0,21.6,1.0
51,1,0,146,72,5875,0,43.8,0.2
62,2,0,132,71,9318,0,5.0,0.3
18,1,0,124,57,13807,0,22.8,0.1
27,2,0,112,67,9869,0,36.3,2.5
41,2,0,105,75,15792,0,95.0,0.0
18,2,0,96,59,12243,0,67.1,0.0
68,2,0,117,77,16520,0,51.7,0.9
78,1,0,116,76,8615,0,65.7,0.0
73,1,0,137,83,10669,2,35.2,0.0
18,1,0,94,55,16195,0,28.3,0.9
63,1,0,115,67,9311,1,25.8,2.1
55,2,0,117,76,5981,0,37.9,0.2
72,2,0,105,64,6174,0,29.3,1.2
19,1,0,97,64,15585,0,29.5,6.1
18,2,0,98,58,9452,0,53.5,0.0
19,1,0,123,71,14552,0,40.4,1.2
41,1,0,120,94,2805,0,50.0,0.0
33,2,0,111,62,15613,0,47.6,2.2
80,1,0,131,84,5766,0,37.8,0.4
35,2,0,98,50,9691,0,31.9,1.1
63,1,0,176,93,8944,0,53.6,2.2
21,1,0,111,57,16942,0,54.4,0.1
73,2,0,157,94,10422,1,59.1,0.4
31,2,0,114,68,6009,0,40.8,0.0
22,1,0,107,80,11037,0,14.4,0.0
77,1,0,120,80,7459,2,61.5,0.0
18,2,0,110,71,9499,0,57.6,0.0
55,1,0,126,100,10197,0,39.6,0.0
63,2,0,138,89,10108,0,60.0,1.4
18,2,0,113,55,10877,1,60.5,0.0
18,2,0,105,71,11263,0,34.2,0.9
18,2,0,118,70,8839,3,36.8,5.3
58,2,0,132,75,12257,0,68.1,0.0
18,2,0,94,55,11164,0,54.8,0.0
54,1,0,119,59,6904,0,54.4,0.0
50,2,0,117,63,15026,0,49.6,0.1
78,1,0,141,71,6955,5,32.9,0.1
46,1,0,150,86,4510,2,52.8,0.7
51,2,0,110,77,12523,4,45.8,0.0
49,1,0,94,45,10888,0,20.3,0.6
18,1,0,109,49,23811,0,20.6,0.0
18,2,0,112,57,16543,0,56.2,0.0
18,1,0,102,45,11207,0,61.7,0.0
18,2,0,97,50,12459,0,33.9,0.2
18,1,0,103,70,19923,0,35.5,0.0
56,2,0,126,68,10120,0,49.7,0.0
18,1,0,113,70,7764,0,76.9,0.4
35,2,0,120,75,13972,1,57.9,0.2
18,1,0,132,80,6339,0,39.4,0.0
70,1,0,131,79,15574,11,66.2,0.2
70,1,0,123,65,3435,2,40.6,0.7
40,1,0,136,68,7316,1,54.2,5.4
21,1,0,102,71,16187,0,35.4,0.0
39,1,0,117,69,11033,1,49.6,1.3
28,1,0,120,62,11456,1,22.9,0.0
18,2,0,108,62,17484,0,30.5,0.0
18,2,0,128,91,11755,0,45.1,0.0
20,1,0,127,78,11620,0,7.6,1.3
31,1,0,128,61,10516,2,31.4,0.6
52,1,0,118,61,15889,0,67.0,0.0
18,1,0,140,80,19117,0,36.6,0.9
18,1,0,151,78,11095,0,34.4,0.0
18,2,0,91,69,13266,0,11.8,0.6
18,2,0,103,81,14766,0,63.5,1.6
59,1,0,146,85,6923,0,49.0,0.1
37,1,0,111,75,10180,2,35.3,0.0
42,1,0,114,62,10290,0,76.2,0.0
72,2,0,116,86,7817,1,68.5,0.0
25,2,0,101,81,10408,2,46.1,0.1
58,1,0,186,87,9100,3,58.3,0.5
18,1,0,102,53,15981,0,5.0,1.8
54,1,0,132,99,8716,0,68.1,1.8
73,2,0,127,65,7609,1,44.6,0.8
61,2,0,130,45,15836,1,67.4,0.4
18,1,0,112,79,9808,0,14.4,0.9
80,1,0,133,73,5596,5,52.7,0.1
18,2,0,106,75,9900,1,33.2,0.5
57,1,0,113,67,17871,3,50.6,8.5
26,2,0,101,74,12771,1,27.4,0.0
18,2,0,107,59,14897,0,54.7,0.0
20,2,0,99,60,10382,0,39.9,1.7
18,1,0,96,51,8929,0,52.8,0.5
32,2,0,123,78,8681,0,56.7,0.0
40,2,0,101,68,9534,0,52.1,0.2
48,1,0,116,72,16689,0,51.3,0.3
29,2,0,105,63,5576,0,57.8,0.3
18,1,0,97,45,10529,0,69.3,0.0
44,1,0,126,55,15107,0,62.5,0.1
65,1,0,115,50,7981,1,36.6,0.0
35,1,0,108,49,19005,2,61.3,0.0
31,2,0,116,73,15307,1,51.1,0.8
18,2,0,81,53,13523,0,34.6,0.0
65,1,0,142,81,6878,4,49.5,0.0
58,2,0,94,48,12353,1,12.9,0.4
51,2,0,99,75,11254,0,46.5,0.6
58,2,0,106,55,11264,7,30.4,1.1
46,2,0,113,65,17151,1,34.6,0.1
43,2,0,114,79,5961,0,56.6,0.3
18,2,0,93,58,4528,0,5.8,0.1
53,1,0,137,73,18629,0,66.3,0.0
78,2,0,127,88,8049,1,55.9,0.1
69,2,0,123,62,1614,0,53.6,0.5
24,1,0,127,71,9017,1,28.0,1.0
27,1,0,133,57,8140,0,54.5,0.2
30,2,0,101,64,11090,0,57.1,0.0
38,2,0,111,78,12384,0,69.5,0.0
57,1,0,97,51,6863,0,24.3,0.0
46,1,0,142,66,9148,0,45.8,0.0
65,2,0,146,61,9124,2,34.4,0.7
35,2,0,136,64,7139,1,15.3,0.0
80,1,0,175,89,11613,0,57.9,2.0
27,2,0,116,83,12619,0,48.7,0.0
47,1,0,131,72,14201,0,61.8,0.0
20,2,0,106,62,18261,0,47.8,0.0
32,2,0,111,74,13646,0,33.5,0.1
44,1,0,103,66,9666,0,42.7,0.0
40,1,0,122,56,7860,0,65.9,0.3
49,1,0,132,99,15795,2,59.6,0.0
22,1,0,108,50,14373,0,69.6,0.0
74,2,0,127,66,7070,1,51.6,0.0
60,2,0,164,91,14798,3,33.4,5.6
64,1,0,132,64,7809,4,23.1,2.4
18,1,0,113,66,8203,0,72.3,0.0
18,1,0,110,60,21432,0,66.4,1.7
64,1,0,94,45,6101,0,42.2,0.7
18,1,0,126,63,12435,0,34.0,1.2
67,2,0,128,68,10426,2,63.9,0.0
75,1,0,151,69,3535,0,89.6,0.0
37,2,0,104,45,7736,0,48.0,0.0
71,1,0,121,73,11926,1,38.5,0.0
34,2,0,107,70,5640,2,5.0,0.1
24,2,0,115,47,12139,0,57.0,0.1
60,2,0,113,67,10924,13,26.0,0.8
18,2,0,110,72,17041,0,65.7,0.0
59,2,0,107,77,11417,3,38.1,0.1
32,2,0,132,72,7363,3,47.0,0.0
18,1,0,103,56,12611,0,34.1,0.0
28,1,0,149,78,15438,0,47.3,0.1
18,1,0,113,62,13861,0,52.2,0.8
70,1,0,133,75,10102,0,44.1,2.5
18,2,0,120,64,16892,0,61.0,1.6
18,1,0,115,62,14982,0,58.4,0.1
18,2,0,92,46,20011,0,69.7,2.1
31,1,0,93,45,13551,0,52.0,3.0
39,2,0,98,51,10336,0,34.8,0.0
67,1,0,99,46,2651,2,66.3,4.0
37,2,0,107,58,11613,0,31.4,4.7
25,2,0,118,69,13800,0,41.6,0.5
44,1,0,116,62,16988,2,16.1,0.1
18,1,0,113,62,17167,0,50.2,0.0
18,2,0,110,51,14721,0,33.1,0.0
18,2,0,101,57,15784,0,25.1,0.8
80,2,0,140,55,3955,1,40.1,0.5
25,1,0,114,73,8132,0,29.0,1.1
50,2,0,125,78,9227,7,24.7,0.7
20,1,0,115,59,9148,1,48.9,0.8
43,2,0,114,53,8488,1,46.1,0.9
62,2,0,149,72,7084,1,18.4,1.3
18,1,0,94,47,7974,0,17.3,0.2
32,1,0,131,79,9488,1,36.7,0.3
71,1,0,128,64,5820,0,74.8,1.3
48,1,0,138,72,13237,0,34.1,2.9
58,1,0,113,76,6467,2,41.5,0.9
18,2,0,91,45,15731,0,36.5,1.3
43,1,0,108,65,7262,1,44.0,0.0
74,1,0,141,89,9530,2,75.1,0.2
18,1,0,115,74,18251,2,13.2,0.0
80,2,0,149,68,7248,4,41.7,1.0
27,2,0,100,66,21737,0,38.0,0.0
51,1,0,106,80,11163,0,45.3,0.0
64,1,0,122,82,11855,1,40.3,0.2
33,2,0,110,53,15335,0,50.3,0.1
34,2,0,132,49,6424,0,30.9,0.4
18,2,0,103,45,13040,0,7.2,0.1
76,2,0,160,77,9630,7,29.2,0.2
22,2,0,113,63,9301,0,26.0,0.0
28,1,0,116,75,17196,0,79.8,0.0
24,2,0,112,77,7249,3,22.2,0.1
18,1,0,134,62,18650,0,58.9,1.1
30,2,0,129,74,9023,0,46.0,0.2
23,1,0,100,68,14068,0,47.9,0.6
27,2,0,114,60,20450,0,58.3,0.3
64,1,0,106,87,6462,7,47.5,0.2
42,1,0,106,76,10325,0,29.1,0.6
27,2,0,102,75,10198,0,34.8,0.6
18,2,0,134,79,20996,0,45.9,0.0
18,2,0,105,62,15504,0,61.0,0.0
64,1,0,112,48,6127,0,25.3,1.5
56,1,0,130,68,13817,0,42.3,0.0
25,2,0,141,53,16529,0,32.0,0.0
61,2,0,110,66,5104,0,72.1,0.0
63,2,0,132,68,15674,4,50.7,2.8
18,1,0,100,65,16005,0,24.3,0.0
52,1,0,142,92,13399,1,36.7,0.4
77,1,0,133,58,2134,8,19.1,0.4
18,2,0,105,60,20602,0,46.2,0.9
55,1,0,121,68,11572,0,73.4,0.1
33,1,0,139,100,12466,0,14.6,0.8
52,2,0,109,76,14415,0,30.2,0.5
26,1,0,132,92,13507,0,58.4,0.0
22,2,0,119,63,8650,0,48.7,2.0
42,2,0,118,90,5943,3,33.1,3.5
39,2,0,110,67,15667,0,54.2,0.0
29,2,0,104,45,5589,0,43.8,0.0
66,2,0,111,76,9950,0,63.8,0.3
18,2,0,95,64,5470,0,34.5,0.0
18,2,0,103,70,9682,0,5.0,1.1
18,1,0,90,52,7306,0,34.2,0.1
20,1,0,101,49,10229,0,29.6,2.1
18,1,0,96,58,7610,0,60.4,1.3
18,2,0,100,57,15322,1,39.7,0.0
18,1,0,95,66,15295,0,16.9,0.0
33,2,0,122,56,8790,1,26.3,0.0
29,2,0,116,62,7193,0,31.2,0.0
23,2,0,98,65,18134,1,41.6,0.0
32,2,0,109,54,15250,0,21.1,1.1
18,2,0,109,45,11169,0,34.4,0.0
79,2,0,138,87,4615,10,63.4,0.6
55,1,0,97,61,7192,1,36.7,0.0
57,1,0,139,87,8100,0,53.7,3.1
78,2,0,152,86,5372,1,65.6,1.4
79,2,0,127,67,8865,1,43.4,0.0
75,2,0,123,90,4458,0,61.5,0.2
36,2,0,120,66,11505,0,33.2,0.2
18,1,0,101,46,20603,0,40.1,1.4
18,1,0,99,64,8840,0,62.1,0.0
18,1,0,103,45,12044,0,52.2,2.7
18,1,0,105,72,16335,0,71.0,0.3
66,1,0,172,75,16797,1,47.4,0.3
38,2,0,106,67,15503,0,59.4,0.4
75,2,0,130,74,10688,0,43.7,0.0
50,2,0,137,63,23590,0,58.4,0.5
18,1,0,99,66,10919,2,40.9,4.0
18,2,0,102,68,7294,0,67.6,0.4
71,1,0,138,77,4163,0,54.5,0.0
45,2,0,104,54,8819,0,36.1,0.3
18,1,0,102,57,7511,0,47.0,0.0
37,2,0,100,65,11353,0,57.6,0.0
18,2,0,97,78,11015,0,46.3,0.1
46,1,0,107,72,8222,0,51.2,2.6
25,2,0,91,72,7168,0,37.4,0.1
18,1,0,95,66,18377,2,25.7,0.2
46,1,0,133,64,9892,0,45.8,5.6
75,1,0,156,92,6470,3,84.9,0.0
18,1,0,112,64,13195,1,52.5,0.0
50,2,0,102,65,10290,0,54.4,1.3
22,1,0,119,63,7652,0,69.0,0.0
65,2,0,121,68,13019,0,61.4,0.8
66,1,0,129,74,8273,0,69.7,0.7
41,1,0,128,68,15570,0,43.2,0.0
18,2,0,92,76,17114,0,50.9,0.0
18,2,0,101,46,8258,0,18.9,0.0
26,1,0,112,70,9172,0,30.7,0.0
60,1,0,108,75,5328,0,38.0,0.0
30,1,0,113,58,11343,1,27.7,3.5
18,2,0,114,66,18205,0,6.3,0.3
18,1,0,115,54,7815,0,17.4,0.0
31,1,0,122,52,17312,1,16.4,0.1
28,1,0,120,53,11167,0,42.5,0.1
53,1,0,134,61,15845,0,57.6,1.8
18,1,0,117,58,15391,0,54.9,0.1
69,1,0,127,49,8166,0,32.6,1.4
59,1,0,146,79,7309,0,28.1,0.0
36,1,0,110,62,10705,0,29.2,0.3
69,1,0,133,82,1508,4,64.9,1.7
55,1,0,109,78,5425,0,24.3,0.5
30,1,0,116,51,7247,0,46.4,0.1
36,1,0,143,80,13389,0,42.2,6.7
26,1,0,101,63,13741,0,9.5,0.0
46,2,0,112,62,4150,1,43.7,0.1
47,2,0,100,80,7970,0,57.0,3.4
18,1,0,115,65,10994,0,53.4,0.0
42,2,0,113,62,3954,1,45.4,0.0
18,1,0,129,67,6154,0,60.0,0.1
43,1,0,114,73,22423,0,63.2,1.1
18,2,0,100,65,16746,0,62.8,0.0
45,2,0,106,59,24478,0,54.9,0.1
54,2,0,115,59,9192,0,52.4,0.0
18,2,0,96,61,12379,0,30.1,1.7
18,1,0,95,62,17580,0,31.3,0.3
52,2,0,138,84,5465,5,35.8,0.0
18,1,0,108,52,13932,0,36.3,0.0
37,2,0,135,81,8360,1,52.5,0.6
18,1,0,101,82,15936,0,64.3,0.0
18,2,0,104,45,14087,0,24.2,0.2
18,2,0,106,62,10287,0,40.1,0.2
70,1,0,124,89,7959,0,60.9,0.0
18,2,0,112,52,17638,0,37.2,7.6
19,2,0,131,76,12950,0,39.1,2.3
76,2,0,141,45,7212,2,28.4,3.9
18,2,0,108,79,12797,0,20.6,0.0
18,2,0,112,53,11927,0,26.8,0.0
72,1,0,144,91,9377,3,89.7,3.0
21,2,0,112,67,10441,5,36.8,0.0
42,2,0,121,58,7288,1,50.6,0.0
49,2,0,116,79,3937,0,62.9,0.0
43,1,0,93,68,11227,0,52.6,0.1
67,2,0,121,71,7809,0,66.4,0.1
36,2,0,92,45,17352,0,29.8,0.5
34,2,0,86,55,12435,0,54.2,0.0
25,1,0,110,63,19572,0,48.0,6.2
23,2,0,106,49,17526,0,43.1,0.0
18,1,0,117,78,9538,1,30.8,0.0
19,1,0,100,54,9689,0,46.3,0.0
37,2,0,134,70,17646,0,42.3,0.8
19,2,0,108,77,18113,1,54.2,1.1
59,1,0,113,64,11736,0,62.5,0.1
18,1,0,97,69,14545,0,74.1,0.0
44,1,0,132,81,13144,0,44.9,0.0
39,2,0,113,63,7808,0,67.2,0.0
43,2,0,113,71,5260,0,59.6,0.0
27,1,0,108,78,14867,0,55.2,0.0
55,1,0,105,70,4515,1,70.2,0.4
22,1,0,105,63,16355,0,63.7,0.0
18,2,0,111,67,4077,0,38.2,0.4
18,1,0,90,65,15671,0,66.0,0.0
79,2,0,126,71,16004,2,60.6,0.0
70,2,0,128,70,15310,1,55.4,0.0
35,2,0,113,80,14029,5,23.3,0.0
27,1,0,106,64,12476,0,30.6,2.3
18,1,0,112,81,8638,0,28.2,0.0
18,1,0,110,45,5593,3,27.7,1.9
76,1,0,130,84,3010,3,65.1,9.6
53,1,0,132,70,20930,0,37.9,1.8
71,2,0,152,77,17316,1,30.3,0.0
32,2,0,93,53,9915,0,45.9,0.2
55,2,0,102,66,3461,2,29.6,0.0
43,1,0,94,61,21206,0,45.1,0.0
30,2,0,134,67,6249,0,48.3,0.0
79,1,0,122,75,3174,3,83.9,2.4
54,1,0,103,72,19973,2,57.4,1.2
70,2,0,129,72,6629,0,32.8,0.1
33,2,0,126,60,12666,1,40.2,1.0
64,1,0,156,84,5523,3,34.8,0.4
18,2,0,120,65,8144,0,25.5,0.3
18,1,0,88,45,17886,0,48.3,0.1
77,1,0,145,77,11437,0,77.8,3.6
76,2,0,136,71,16438,8,50.2,1.3
61,1,0,133,65,8598,0,43.4,0.1
22,2,0,112,53,7732,0,39.3,0.0
70,2,0,110,52,8265,1,30.9,0.1
39,1,0,125,75,3168,0,38.5,0.5
25,2,0,126,82,7181,0,57.2,0.0
42,2,0,104,70,4255,0,75.3,0.0
18,1,0,93,54,4452,0,23.3,0.1
18,1,0,127,90,13313,0,73.3,1.9
79,2,0,127,66,1876,2,63.7,1.4
80,2,0,166,102,7241,2,26.4,0.0
29,1,0,177,59,23086,0,29.5,0.3
71,2,0,119,65,8214,7,79.4,0.0
18,2,0,93,65,7300,0,32.1,0.0
59,1,0,115,59,7458,0,53.6,0.3
79,2,0,120,77,1543,1,42.4,0.0
71,1,0,136,73,8040,0,49.8,0.1
78,2,0,141,77,2582,0,75.8,0.0
18,1,0,115,69,21835,0,52.5,0.0
74,1,0,126,84,4173,0,87.7,0.5
30,1,0,119,72,6451,0,57.2,2.0
77,1,0,136,83,6911,0,51.0,0.0
65,1,0,161,68,11219,0,28.6,1.5
18,1,0,116,64,10763,0,51.4,0.6
40,2,0,112,49,10244,1,43.4,0.8
18,1,0,106,60,19266,0,36.6,1.2
18,1,0,124,52,26591,0,33.0,0.0
35,1,0,107,59,6665,0,40.0,0.2
20,2,0,89,66,10288,0,54.1,0.0
18,1,0,108,58,13549,0,41.4,4.9
18,2,0,138,58,13286,1,19.5,0.7
45,1,0,135,87,10069,0,44.5,1.0
38,2,0,131,79,12866,0,49.6,0.0
46,1,0,108,69,7902,0,44.4,0.0
69,1,0,151,93,12997,0,58.2,1.3
65,1,0,145,79,15897,0,58.8,0.0
55,2,0,127,79,18065,6,61.0,6.1
22,2,0,89,62,7139,0,55.1,1.3
60,1,0,122,53,10295,1,70.6,0.0
18,1,0,104,68,4511,1,38.1,0.0
23,2,0,106,45,11578,0,61.7,0.1
64,1,0,107,83,10247,0,35.3,0.0
35,2,0,110,85,6657,0,26.3,0.0
18,1,0,120,61,8937,0,45.2,0.1
18,1,0,103,67,12477,0,23.4,0.1
40,2,0,111,62,9957,0,37.9,0.6
59,2,0,116,51,4254,0,39.3,0.9
19,2,0,110,55,13199,1,17.5,0.0
44,2,0,111,69,10729,0,44.2,0.1
52,1,0,112,56,5606,0,29.4,0.1
18,2,0,93,50,24330,2,48.9,0.1
50,2,0,152,65,12187,3,45.0,0.2
68,1,0,123,66,3390,0,59.2,0.0
62,2,0,143,67,7381,0,35.5,0.0
31,1,0,120,62,12922,0,56.7,0.0
61,2,0,123,51,12038,3,60.2,2.2
69,1,0,107,58,10181,1,46.4,0.1
21,2,0,115,72,14648,0,46.2,0.7
27,1,0,111,65,10216,1,51.8,0.0
57,2,0,114,49,9518,0,52.2,0.4
18,2,0,105,78,7739,0,47.8,0.0
25,2,0,126,73,15201,0,64.4,0.0
18,1,0,100,46,19013,0,60.2,0.0
18,1,0,100,53,16330,0,47.2,0.1
18,1,0,112,53,12870,1,5.0,5.7
59,1,0,142,84,6394,0,24.4,0.0
53,1,0,137,84,6401,1,54.2,1.3
23,2,0,108,56,17023,1,31.6,0.0
18,1,0,93,45,13959,0,44.0,0.0
19,2,0,93,61,9310,0,37.8,0.0
25,2,0,117,87,10707,0,44.3,1.7
20,1,0,113,83,15506,0,52.7,0.0
63,2,0,127,64,5840,0,48.4,0.1
45,1,0,107,70,13964,0,57.2,0.0
21,1,0,105,60,6604,0,44.2,0.0
70,1,0,109,57,9205,1,44.1,1.9
59,1,0,163,102,4967,2,60.5,0.2
70,2,0,123,94,10502,0,59.4,6.2
18,2,0,98,57,18386,0,34.4,0.0
50,1,0,139,76,12470,4,52.4,0.3
39,2,0,108,63,10466,0,31.4,0.1
77,1,0,148,70,7861,1,66.6,3.0
18,2,0,102,59,13476,0,66.8,0.0
80,2,0,136,110,18119,0,91.4,1.0
48,1,0,113,58,6635,0,28.2,0.4
58,2,0,99,71,10555,0,69.9,0.1
25,1,0,111,66,13924,0,41.0,3.3
54,2,0,129,83,11650,2,59.6,3.2
18,2,0,123,64,4821,0,45.9,0.0
76,2,0,127,70,13854,1,76.0,0.2
24,1,0,117,67,2472,0,6.9,0.0
54,2,0,115,84,10398,5,30.4,1.7
36,2,0,123,77,14209,0,44.3,0.0
51,2,0,93,51,11712,0,53.0,0.0
18,2,0,103,45,11729,0,48.9,1.7
25,1,0,110,59,10254,10,29.9,0.5
75,1,0,135,62,7670,5,40.9,2.7
18,2,0,110,56,9504,0,37.9,3.0
50,2,0,148,73,4163,3,28.2,0.6
55,1,0,119,63,10416,0,89.2,0.0
41,1,0,118,69,11869,0,78.1,0.1
41,2,0,111,67,21746,0,34.8,0.4
79,1,0,197,114,7493,0,65.3,0.0
51,1,0,137,78,11060,3,60.7,0.0
53,1,0,129,68,2801,1,40.1,0.4
25,1,0,103,61,6640,3,16.6,0.6
26,1,0,110,55,18281,0,43.0,0.4
18,2,0,103,59,3439,0,50.0,0.0
18,1,0,126,66,8936,0,26.3,0.1
73,1,0,137,67,16704,0,86.0,0.1
76,1,0,143,82,7182,0,44.2,0.6
18,2,0,98,65,12633,0,20.1,0.0
25,1,0,122,81,8770,2,28.1,0.0
18,2,0,120,58,10624,0,57.0,0.6
73,2,0,116,79,12114,0,67.2,0.0
22,2,0,100,71,18504,4,59.6,0.0
43,1,0,170,84,8857,0,48.5,0.9
18,1,0,101,65,11132,0,60.2,0.0
49,1,0,131,71,9233,0,36.4,0.0
66,1,0,99,56,4636,2,21.1,3.5
72,2,0,112,63,8198,0,53.9,0.0
38,1,0,159,75,3887,0,58.9,0.0
18,2,0,82,45,17963,0,31.6,0.3
18,1,0,105,45,12452,0,47.4,2.1
77,2,0,135,78,5170,3,44.3,0.0
40,2,0,153,68,11341,2,21.5,0.1
41,1,0,141,78,9545,0,36.6,0.0
24,1,0,116,67,6219,1,8.6,0.1
18,1,0,96,61,13837,0,35.5,0.0
32,2,0,113,77,6140,1,40.9,9.3
22,1,0,114,55,11593,0,49.1,2.0
66,1,0,155,60,12321,3,26.2,0.2
19,2,0,114,56,17157,0,54.2,0.0
77,1,0,98,87,15493,1,42.6,0.0
23,1,0,90,70,6367,0,32.3,0.0
39,1,0,119,70,3074,0,46.2,0.0
18,2,0,89,53,14881,0,49.9,6.9
48,1,0,120,63,3711,0,79.5,1.3
18,2,0,106,70,14001,0,38.3,0.3
25,1,0,108,71,18716,0,58.3,0.1
45,2,0,118,65,10609,2,67.5,0.0
21,1,0,101,60,9401,0,48.0,0.0
27,2,0,110,52,7090,0,53.1,0.0
18,2,0,87,53,16299,0,27.1,0.0
18,1,0,119,48,9042,0,30.8,0.2
28,1,0,110,76,4811,2,32.1,0.2
52,1,0,153,69,8484,2,38.3,1.5
43,2,0,109,65,14718,0,25.6,0.6
39,2,0,114,81,6698,0,37.9,1.3
24,2,0,125,61,9044,0,35.5,0.0
22,2,0,112,67,12293,0,63.6,0.0
26,2,0,140,85,13166,1,32.4,2.2
18,2,0,112,56,16935,0,42.0,4.3
76,2,0,133,89,8053,0,57.6,2.6
77,2,0,114,81,9863,2,35.0,1.0
18,1,0,104,56,11184,0,32.5,0.0
39,2,0,90,65,10656,0,34.9,0.0
18,2,0,134,76,18818,0,51.7,0.0
74,1,0,142,83,6361,2,61.9,0.8
28,2,0,118,61,14105,3,35.7,0.0
18,1,0,106,69,5912,0,57.3,0.5
18,1,0,80,45,10771,0,48.6,2.9
18,2,0,92,51,11163,0,80.2,0.5
18,1,0,106,62,6683,0,33.5,0.0
58,2,0,121,76,10836,2,63.8,0.1
60,2,0,134,49,5999,1,60.8,0.0
18,2,0,111,76,12515,0,43.1,0.0
47,2,0,125,60,9404,0,43.3,0.1
18,1,0,101,75,14064,0,21.2,0.5
73,2,0,174,82,3613,0,39.3,0.3
34,2,0,115,86,5803,0,23.7,1.1
21,2,0,107,65,13430,0,38.6,0.1
18,1,0,121,72,19484,0,25.4,0.6
60,1,0,130,54,10824,0,49.2,0.1
60,1,0,113,54,3738,0,54.8,0.1
64,2,0,110,66,9597,0,52.1,0.0
18,2,0,101,45,19147,0,26.5,0.5
59,2,0,125,70,8721,3,5.7,0.1
33,2,0,124,45,7603,0,9.9,0.3
18,2,0,101,46,15947,0,27.6,0.3
79,1,0,204,91,9879,2,49.6,0.0
18,1,0,108,65,11822,0,52.6,0.4
39,1,0,126,67,11064,3,25.2,0.0
60,1,0,114,61,14663,0,61.1,2.8
18,1,0,118,83,12785,0,51.2,0.5
69,1,0,120,71,10193,2,68.7,0.1
25,2,0,128,77,18122,0,28.2,1.2
18,1,0,85,53,22530,0,33.8,0.0
46,1,0,133,95,7822,4,40.1,0.0
18,2,0,112,60,14195,0,54.0,0.0
18,1,0,89,45,28804,0,37.2,0.7
44,2,0,133,78,9403,2,33.4,3.5
42,2,0,118,56,10705,2,60.3,0.0
49,1,0,155,78,18573,1,81.5,0.0
72,1,0,133,73,15084,9,41.3,2.6
23,1,0,120,67,12476,0,48.7,1.4
47,1,0,98,60,9480,0,58.2,0.4
18,2,0,109,61,15458,0,38.2,0.0
18,1,0,120,65,17747,0,63.3,0.0
18,1,0,97,45,10273,0,41.2,1.6
21,1,0,96,79,7669,1,40.6,1.3
29,2,0,103,77,10069,1,16.6,1.8
50,2,0,147,94,7689,1,38.2,0.0
41,1,0,102,58,14764,0,23.1,0.8
56,1,0,147,86,14140,0,59.4,0.2
73,2,0,133,54,5879,2,38.9,0.0
41,1,0,129,70,15476,0,25.5,0.0
18,2,0,135,86,14026,0,29.8,0.9
18,2,0,102,60,12857,0,43.9,0.5
50,2,0,145,53,12630,0,49.5,0.2
18,2,0,107,62,11556,0,56.2,0.0
18,2,0,127,61,11581,0,56.6,0.1
54,2,0,115,85,12839,0,37.2,0.9
37,1,0,115,64,7476,0,34.7,1.4
57,1,0,111,84,14870,2,60.6,0.1
70,1,0,158,90,4460,1,29.2,0.2
18,1,0,92,45,10574,0,22.1,0.0
28,1,0,121,68,11420,0,25.1,0.0
74,1,0,126,80,12563,2,59.4,0.2
25,1,0,137,69,10509,0,43.3,0.0
18,1,0,99,62,10274,0,37.4,0.0
70,1,0,123,72,8638,0,59.8,0.0
59,2,0,111,52,9085,1,21.0,0.2
23,2,0,86,59,12046,0,44.7,0.3
18,2,0,130,59,21779,0,64.2,1.1
66,1,0,141,59,11948,4,24.3,0.0
26,2,0,115,92,8606,0,36.4,0.0
79,2,0,154,83,9688,0,57.5,1.7
62,2,0,132,75,7664,0,42.8,1.8
55,2,0,96,51,12250,1,36.2,0.1
27,1,0,99,70,5616,1,58.5,0.0
27,1,0,132,71,5434,0,45.7,0.0
22,2,0,132,65,9388,0,41.8,0.0
62,2,0,109,51,3062,2,28.7,0.0
18,1,0,107,58,13836,0,63.6,0.0
23,1,0,119,85,5538,6,34.9,0.1
30,1,0,98,45,12895,0,40.0,0.0
41,1,0,116,74,12248,0,23.8,0.0
18,2,0,98,56,12384,0,36.3,0.0
45,2,0,132,65,10395,3,34.6,0.0
27,2,0,88,67,13073,1,40.1,0.0
55,1,0,137,102,8981,0,78.4,0.1
64,1,0,110,78,19092,1,64.4,0.6
18,2,0,99,45,6720,0,33.1,0.5
22,2,0,128,68,13268,0,48.8,0.0
18,1,0,115,55,3538,0,68.4,0.1
18,2,0,132,70,17277,0,59.7,0.0
20,2,0,112,45,6316,0,29.6,2.1
18,2,0,127,52,24618,0,57.0,0.0
20,1,0,111,82,4637,3,59.0,0.7
21,1,0,127,54,12942,3,59.2,5.6
79,1,0,108,81,9212,10,39.1,0.0
21,2,0,90,67,10133,0,52.6,0.0
57,2,0,114,60,2571,0,52.9,0.0
18,2,0,98,75,18064,0,54.1,7.1
71,2,0,114,65,5780,0,33.4,1.1
74,1,0,140,81,8083,7,70.8,1.1
18,2,0,109,68,9537,0,53.8,0.5
18,2,0,118,45,8278,1,38.4,0.0
24,1,0,116,87,12929,0,38.8,0.3
20,1,0,106,68,17465,1,18.6,0.5
69,1,0,147,86,5814,0,59.6,0.0
38,2,0,112,64,6943,5,56.4,0.0
66,2,0,118,52,4957,3,63.9,3.2
37,2,0,92,45,8416,0,66.2,0.1
41,2,0,129,58,7750,0,31.3,0.0
52,2,0,115,76,6597,2,50.7,0.2
36,2,0,105,66,5140,0,26.6,0.4
29,1,0,99,47,7979,1,43.7,0.7
51,1,0,124,71,4822,0,78.7,0.0
59,2,0,124,61,10158,0,34.0,1.1
53,1,0,111,82,6889,0,26.7,1.5
56,1,0,128,56,4980,3,79.6,0.0
57,2,0,124,71,12076,1,30.2,0.2
18,1,0,109,74,19242,0,46.3,0.6
63,2,0,125,97,6009,9,46.2,0.0
49,1,0,115,80,9173,0,27.4,0.0
57,1,0,126,68,12547,4,62.9,0.0
26,2,0,90,45,12419,0,26.3,1.0
18,2,0,99,50,2892,1,21.7,0.1
44,2,0,116,72,8197,0,49.3,0.0
79,1,0,137,72,3489,5,20.5,0.5
70,2,0,122,81,9697,1,47.9,0.3
75,2,0,135,96,9603,3,67.3,3.3
30,2,0,110,68,10045,0,51.8,0.2
65,1,0,153,83,1609,0,67.3,0.1
43,2,0,134,59,15122,1,33.5,0.0
80,1,0,140,66,11148,1,43.6,0.1
65,2,0,101,64,7880,1,52.6,0.0
59,1,0,105,54,13187,0,55.0,0.6
55,1,0,127,87,10089,3,33.4,0.0
18,1,0,90,48,8674,0,15.3,1.3
55,1,0,122,76,8121,0,64.8,0.1
18,2,0,100,78,12363,0,70.9,2.6
31,2,0,129,91,10624,0,64.7,1.3
18,2,0,92,73,12046,0,55.8,0.3
66,2,0,123,68,12519,3,60.8,1.7
78,2,0,126,62,4078,1,49.4,3.3
50,2,0,127,70,11171,0,59.0,0.0
18,2,0,148,67,18804,0,33.9,0.0
37,2,0,107,45,20000,3,20.5,0.0
66,1,0,122,70,3835,0,38.0,0.0
50,2,0,130,67,12273,0,45.8,0.0
30,2,0,123,66,11138,3,5.0,0.9
53,1,0,118,73,12827,0,72.5,2.3
44,1,0,130,87,14165,2,39.1,0.1
56,2,0,116,48,15535,0,56.4,0.1
61,2,0,109,86,7366,4,50.1,0.5
18,2,0,117,60,22133,0,32.1,2.2
18,1,0,104,51,7707,0,27.7,2.2
58,2,0,105,45,11136,0,27.4,0.8
18,1,0,105,60,9021,0,41.9,0.0
55,2,0,106,65,6229,0,64.2,0.6
18,2,0,104,61,12620,1,12.7,1.1
76,2,0,145,80,3979,3,45.8,0.0
42,2,0,110,49,16790,1,22.4,2.7
34,2,0,105,75,8585,0,31.5,0.9
18,1,0,113,66,12291,0,53.8,0.0
52,1,0,119,80,10334,1,51.3,0.0
55,2,0,125,75,14340,1,49.0,0.1
76,1,0,131,77,7369,2,45.6,2.2
51,2,0,116,61,9869,0,60.2,0.0
23,2,0,105,57,4789,2,49.9,0.0
18,1,0,111,87,10506,1,65.3,0.0
21,2,0,98,61,14107,0,48.7,1.4
20,2,0,132,75,9537,3,34.8,0.2
23,1,0,101,64,9728,2,20.8,0.4
18,1,0,113,66,10746,0,11.4,0.7
18,2,0,92,55,17919,0,50.2,0.0
46,2,0,115,86,13439,4,40.6,0.3
18,2,0,113,56,20076,0,37.2,8.2
31,2,0,136,78,12730,0,68.6,0.3
34,1,0,123,61,16080,0,59.6,0.0
37,2,0,116,59,17056,0,15.8,0.0
60,2,0,140,73,8593,0,23.4,0.0
44,2,0,115,68,5345,1,47.8,0.7
61,1,0,115,89,9623,0,51.5,0.2
18,1,0,110,55,13914,0,22.3,2.7
54,2,0,116,50,14677,3,50.6,0.2
19,2,0,99,58,15934,0,29.4,0.2
43,2,0,123,83,13511,1,50.8,0.0
18,1,0,99,82,4275,1,43.5,0.0
71,1,0,141,100,8615,5,36.4,0.0
48,1,0,132,77,10530,1,28.8,0.4
72,2,0,139,78,13646,1,84.2,0.1
57,1,0,116,45,6993,0,17.5,0.0
69,2,0,126,76,12225,0,63.8,0.0
22,2,0,108,67,14967,1,45.8,1.5
18,1,0,130,61,9265,0,58.3,0.7
25,2,0,96,51,8465,0,34.7,0.0
18,1,0,127,46,20044,0,50.8,0.6
78,1,0,137,50,3609,0,48.2,0.8
25,2,0,125,72,19243,0,83.1,0.0
75,1,0,124,77,3891,2,41.5,0.0
18,1,0,102,69,8630,0,67.3,1.5
24,1,0,120,70,10357,0,81.4,0.3
68,2,0,130,79,9196,0,41.2,0.0
60,2,0,119,71,6765,1,38.3,7.0
29,2,0,104,69,21323,0,24.3,0.0
30,2,0,115,63,9780,2,40.0,1.4
28,2,0,93,69,12868,0,32.4,0.5
71,2,0,125,49,4116,1,58.1,3.0
23,2,0,128,68,6922,1,19.8,1.2
36,1,0,132,66,12363,0,46.5,0.8
58,1,0,108,65,15044,0,68.4,0.1
18,1,0,99,65,6085,0,29.4,0.0
18,2,0,105,62,18644,0,22.7,0.3
18,1,0,127,60,7527,0,58.2,0.3
32,1,0,125,82,13825,0,30.9,1.4
52,1,0,128,69,3317,3,20.5,0.0
44,2,0,110,64,5615,0,28.3,0.0
32,1,0,96,52,14528,0,45.6,0.0
30,1,0,125,69,10935,0,43.7,0.1
56,2,0,120,67,20346,0,82.9,1.3
18,1,0,116,60,6522,1,30.3,0.0
18,2,0,114,61,15615,0,24.3,1.6
60,2,0,95,68,7011,0,39.4,0.0
53,2,0,122,50,5391,0,45.4,0.9
18,2,0,116,87,22608,0,57.8,1.1
18,1,0,107,65,11417,0,26.2,0.0
47,2,0,120,52,11094,0,56.2,3.1
58,1,0,140,73,14481,0,53.7,0.0
60,2,0,133,65,20679,0,68.2,0.0
60,1,0,104,69,10291,6,24.7,0.0
38,1,0,133,77,7275,0,47.8,0.1
58,2,0,104,65,5194,0,72.1,0.2
37,2,0,128,74,5823,0,26.0,0.0
27,1,0,124,71,9160,0,39.0,0.7
29,1,0,105,67,10472,0,58.1,0.7
50,2,0,120,102,9344,0,35.9,0.0
68,2,0,161,76,3887,0,33.3,1.4
40,2,0,120,51,9317,0,64.3,0.0
54,2,0,128,66,10553,0,58.8,0.5
62,2,0,119,70,6357,0,85.5,3.3
37,1,0,148,93,10543,0,70.7,0.0
70,2,0,120,68,8812,3,57.2,0.0
26,2,0,157,86,12781,0,40.9,1.4
18,2,0,96,64,3337,0,32.3,0.0
77,2,0,133,81,8647,3,59.6,0.0
21,2,0,132,83,9055,1,29.3,0.5
24,1,0,108,71,6259,1,42.2,1.3
47,2,0,103,78,13405,0,35.0,0.0
49,1,0,104,82,10310,1,43.9,0.4
42,2,0,133,83,6064,0,66.4,1.5
41,1,0,110,60,7646,1,32.2,0.0
68,1,0,148,69,6947,2,77.2,2.5
63,2,0,115,70,11524,2,58.3,0.2
78,2,0,155,72,11073,2,53.0,5.9
74,1,0,145,66,9883,0,85.1,0.0
18,2,0,94,57,16526,0,34.3,0.0
37,1,0,112,67,8280,0,29.7,0.0
48,2,0,109,78,15118,0,75.2,0.2
18,2,0,138,93,15098,0,41.6,0.0
20,2,0,101,61,8775,0,31.3,0.6
30,1,0,106,60,10584,1,37.8,0.1
64,2,0,128,63,7266,0,92.0,0.6
46,2,0,107,59,10039,1,30.2,0.0
24,1,0,101,76,10942,0,26.6,1.9
46,1,0,103,58,18852,1,63.3,0.0
18,1,0,121,77,5302,0,31.1,0.6
18,1,0,120,67,11613,0,41.6,0.0
18,1,0,120,75,10856,0,47.1,0.0
18,2,0,93,45,23625,0,21.7,0.1
18,2,0,87,68,11455,0,26.5,0.1
58,1,0,121,73,4660,0,51.1,0.0
18,1,0,114,66,20722,0,66.0,1.5
28,2,0,91,50,13093,0,46.0,0.0
18,2,0,115,45,12183,0,39.6,2.8
62,2,0,92,73,8400,0,71.6,0.0
18,2,0,115,67,14378,0,47.0,0.9
24,1,0,147,91,10333,0,47.2,0.0
31,2,0,98,45,13510,0,37.3,2.4
31,1,0,108,96,10486,0,26.2,0.0
19,2,0,120,64,9490,0,30.5,0.0
25,1,0,109,76,7259,0,28.2,0.0
50,1,0,118,74,17757,0,47.6,1.9
53,2,0,127,63,6928,0,74.8,0.9
54,2,0,110,82,5623,4,61.0,0.0
37,1,0,153,79,19474,0,46.3,0.0
52,2,0,108,90,9877,0,58.2,0.1
18,1,0,112,74,16596,0,24.2,0.0
31,2,0,93,57,15629,1,51.6,0.0
44,2,0,96,45,15828,0,27.5,3.7
68,1,0,148,77,15632,0,39.7,0.0
57,1,0,94,54,6163,0,45.4,0.6
23,1,0,116,52,6974,1,43.5,0.5
70,2,0,114,61,11779,1,33.2,2.2
75,1,0,148,72,13980,1,79.8,0.8
18,1,0,96,59,16157,0,26.1,0.6
18,1,0,119,63,13640,0,67.5,0.1
53,1,0,137,70,11850,0,39.2,0.0
63,1,0,143,86,9708,0,92.6,0.0
18,1,0,115,76,8891,0,18.8,0.0
45,1,0,114,92,14964,0,41.3,0.2
53,1,0,124,84,6869,2,65.7,3.1
27,2,0,103,72,9373,0,54.2,0.0
42,1,0,104,67,15055,0,37.7,0.0
59,2,0,141,62,9419,1,65.5,0.0
31,2,0,123,61,5342,8,9.5,1.3
42,1,0,141,51,10700,4,52.7,0.1
59,2,0,118,77,5853,0,39.6,0.0
79,2,0,119,69,6753,1,43.2,7.1
21,2,0,129,66,11047,0,22.0,0.5
35,1,0,95,67,5708,2,25.4,2.8
66,1,0,119,66,10879,3,57.3,2.3
18,1,0,99,55,9104,0,60.2,0.0
45,1,0,112,82,11098,0,37.5,0.0
25,2,0,132,73,10582,1,26.9,1.1
25,1,0,93,60,12134,0,63.1,0.9
18,2,0,104,66,13290,0,55.8,0.1
55,1,0,189,70,9997,7,59.4,0.0
31,1,0,102,75,5115,0,40.3,0.0
61,2,0,127,65,10611,0,54.3,1.3
18,1,0,103,58,17289,0,40.3,0.0
71,2,0,117,66,6681,1,53.6,0.3
18,1,0,122,68,7024,1,22.7,2.3
24,2,0,105,64,12903,0,46.7,0.0
58,2,0,107,90,8485,0,24.4,4.2
18,2,0,101,49,20688,0,50.1,0.1
20,1,0,116,59,14954,1,50.6,0.1
18,1,0,93,57,13335,0,10.7,0.0
18,1,0,88,69,21221,0,48.6,0.3
18,2,0,104,45,5721,0,42.4,0.0
18,2,0,111,72,6775,0,37.4,1.6
41,2,0,104,62,5190,0,37.2,0.1
72,1,0,139,63,5693,0,56.6,0.0
31,1,0,115,73,4643,0,50.3,0.0
64,2,0,156,91,13577,0,35.9,0.9
31,2,0,109,71,18267,1,37.4,4.3
74,2,0,143,89,13177,0,66.4,0.0
32,1,0,129,77,8362,0,63.8,1.6
60,2,0,133,61,10576,3,39.9,0.0
18,1,0,102,55,19114,0,28.9,3.8
41,2,0,123,62,6957,0,34.0,2.6
35,2,0,130,78,10484,0,72.2,1.8
18,1,0,92,74,10343,0,37.6,0.0
24,2,0,113,69,10029,0,35.4,0.1
40,1,0,130,64,10996,1,44.7,2.7
65,2,0,124,77,13852,0,53.1,0.0
54,2,0,114,67,17698,0,52.9,0.2
20,1,0,128,83,9585,0,25.9,0.0
34,2,0,119,57,9547,1,25.0,0.1
18,2,0,122,74,8794,0,49.7,0.6
53,1,0,92,72,8818,0,66.4,1.0
73,2,0,141,98,3630,5,42.2,0.0
18,2,0,121,58,6491,0,45.0,0.1
18,1,0,102,55,10645,0,25.3,0.4
18,1,0,96,67,9761,0,22.4,0.4
18,1,0,99,49,12259,0,29.9,0.0
44,2,0,144,76,20688,2,25.8,0.0
30,1,0,121,59,13094,0,35.5,0.0
35,2,0,142,64,6240,3,23.1,1.3
49,1,0,99,71,18947,3,58.6,3.6
68,2,0,136,72,8236,2,43.6,0.4
18,2,0,96,72,9213,0,53.2,0.4
41,2,0,134,50,7324,0,49.6,0.0
18,1,0,126,62,12117,0,45.7,0.0
18,2,0,103,64,9154,0,21.2,0.0
44,2,0,119,72,12124,0,45.9,0.0
67,1,0,133,51,8937,0,47.8,4.8
62,1,0,130,67,14756,1,41.7,0.0
24,2,0,119,61,13996,4,32.0,0.0
18,2,0,112,53,23918,0,56.7,1.0
29,1,0,91,45,15140,2,30.1,0.4
26,2,0,121,67,8689,0,57.0,0.0
33,1,0,118,78,16799,2,46.0,0.9
39,1,0,120,66,7429,0,88.6,0.0
47,2,0,111,48,4034,3,45.6,0.6
18,1,0,127,72,13243,0,50.7,0.7
28,1,0,114,76,6759,0,48.3,0.1
34,1,0,116,61,14478,0,55.2,0.1
47,2,0,109,48,8048,1,24.6,0.0
80,2,0,151,73,6632,3,16.0,2.1
